SIGLO,AÑO,CALIDADES,GENERO,TOTAL
XVII,1601,CASTIZA,F,0
XVII,1601,CASTIZA,M,0
XVII,1601,ESPAÑOLA,F,0
XVII,1601,ESPAÑOLA,M,0
XVII,1601,INDIA,F,0
XVII,1601,INDIA,M,0
XVII,1601,MESTIZA,F,0
XVII,1601,MESTIZA,M,0
XVII,1601,MORISCA,F,0
XVII,1601,MORISCA,M,0
XVII,1601,MULATA,F,0
XVII,1601,MULATA,M,0
XVII,1601,NEGRA,F,0
XVII,1601,NEGRA,M,0
XVII,1601,SIN_CATEGORÍA,F,0
XVII,1601,SIN_CATEGORÍA,M,0
XVII,1602,CASTIZA,F,0
XVII,1602,CASTIZA,M,0
XVII,1602,ESPAÑOLA,F,0
XVII,1602,ESPAÑOLA,M,0
XVII,1602,INDIA,F,0
XVII,1602,INDIA,M,0
XVII,1602,MESTIZA,F,0
XVII,1602,MESTIZA,M,0
XVII,1602,MORISCA,F,0
XVII,1602,MORISCA,M,0
XVII,1602,MULATA,F,0
XVII,1602,MULATA,M,0
XVII,1602,NEGRA,F,0
XVII,1602,NEGRA,M,0
XVII,1602,SIN_CATEGORÍA,F,0
XVII,1602,SIN_CATEGORÍA,M,0
XVII,1603,CASTIZA,F,0
XVII,1603,CASTIZA,M,0
XVII,1603,ESPAÑOLA,F,0
XVII,1603,ESPAÑOLA,M,0
XVII,1603,INDIA,F,0
XVII,1603,INDIA,M,0
XVII,1603,MESTIZA,F,0
XVII,1603,MESTIZA,M,0
XVII,1603,MORISCA,F,0
XVII,1603,MORISCA,M,0
XVII,1603,MULATA,F,0
XVII,1603,MULATA,M,0
XVII,1603,NEGRA,F,0
XVII,1603,NEGRA,M,0
XVII,1603,SIN_CATEGORÍA,F,0
XVII,1603,SIN_CATEGORÍA,M,0
XVII,1604,CASTIZA,F,0
XVII,1604,CASTIZA,M,0
XVII,1604,ESPAÑOLA,F,0
XVII,1604,ESPAÑOLA,M,0
XVII,1604,INDIA,F,0
XVII,1604,INDIA,M,0
XVII,1604,MESTIZA,F,0
XVII,1604,MESTIZA,M,0
XVII,1604,MORISCA,F,0
XVII,1604,MORISCA,M,0
XVII,1604,MULATA,F,0
XVII,1604,MULATA,M,0
XVII,1604,NEGRA,F,0
XVII,1604,NEGRA,M,0
XVII,1604,SIN_CATEGORÍA,F,0
XVII,1604,SIN_CATEGORÍA,M,0
XVII,1605,CASTIZA,F,0
XVII,1605,CASTIZA,M,0
XVII,1605,ESPAÑOLA,F,0
XVII,1605,ESPAÑOLA,M,0
XVII,1605,INDIA,F,0
XVII,1605,INDIA,M,0
XVII,1605,MESTIZA,F,0
XVII,1605,MESTIZA,M,0
XVII,1605,MORISCA,F,0
XVII,1605,MORISCA,M,0
XVII,1605,MULATA,F,0
XVII,1605,MULATA,M,0
XVII,1605,NEGRA,F,0
XVII,1605,NEGRA,M,0
XVII,1605,SIN_CATEGORÍA,F,0
XVII,1605,SIN_CATEGORÍA,M,0
XVII,1606,CASTIZA,F,0
XVII,1606,CASTIZA,M,0
XVII,1606,ESPAÑOLA,F,0
XVII,1606,ESPAÑOLA,M,0
XVII,1606,INDIA,F,0
XVII,1606,INDIA,M,0
XVII,1606,MESTIZA,F,0
XVII,1606,MESTIZA,M,0
XVII,1606,MORISCA,F,0
XVII,1606,MORISCA,M,0
XVII,1606,MULATA,F,0
XVII,1606,MULATA,M,0
XVII,1606,NEGRA,F,0
XVII,1606,NEGRA,M,0
XVII,1606,SIN_CATEGORÍA,F,0
XVII,1606,SIN_CATEGORÍA,M,0
XVII,1607,CASTIZA,F,0
XVII,1607,CASTIZA,M,0
XVII,1607,ESPAÑOLA,F,0
XVII,1607,ESPAÑOLA,M,0
XVII,1607,INDIA,F,0
XVII,1607,INDIA,M,0
XVII,1607,MESTIZA,F,0
XVII,1607,MESTIZA,M,0
XVII,1607,MORISCA,F,0
XVII,1607,MORISCA,M,0
XVII,1607,MULATA,F,0
XVII,1607,MULATA,M,0
XVII,1607,NEGRA,F,0
XVII,1607,NEGRA,M,0
XVII,1607,SIN_CATEGORÍA,F,0
XVII,1607,SIN_CATEGORÍA,M,0
XVII,1608,CASTIZA,F,0
XVII,1608,CASTIZA,M,0
XVII,1608,ESPAÑOLA,F,0
XVII,1608,ESPAÑOLA,M,0
XVII,1608,INDIA,F,0
XVII,1608,INDIA,M,0
XVII,1608,MESTIZA,F,0
XVII,1608,MESTIZA,M,0
XVII,1608,MORISCA,F,0
XVII,1608,MORISCA,M,0
XVII,1608,MULATA,F,0
XVII,1608,MULATA,M,0
XVII,1608,NEGRA,F,0
XVII,1608,NEGRA,M,0
XVII,1608,SIN_CATEGORÍA,F,0
XVII,1608,SIN_CATEGORÍA,M,0
XVII,1609,CASTIZA,F,0
XVII,1609,CASTIZA,M,0
XVII,1609,ESPAÑOLA,F,0
XVII,1609,ESPAÑOLA,M,0
XVII,1609,INDIA,F,0
XVII,1609,INDIA,M,0
XVII,1609,MESTIZA,F,0
XVII,1609,MESTIZA,M,0
XVII,1609,MORISCA,F,0
XVII,1609,MORISCA,M,0
XVII,1609,MULATA,F,0
XVII,1609,MULATA,M,0
XVII,1609,NEGRA,F,0
XVII,1609,NEGRA,M,0
XVII,1609,SIN_CATEGORÍA,F,0
XVII,1609,SIN_CATEGORÍA,M,0
XVII,1610,CASTIZA,F,0
XVII,1610,CASTIZA,M,0
XVII,1610,ESPAÑOLA,F,0
XVII,1610,ESPAÑOLA,M,0
XVII,1610,INDIA,F,0
XVII,1610,INDIA,M,0
XVII,1610,MESTIZA,F,0
XVII,1610,MESTIZA,M,0
XVII,1610,MORISCA,F,0
XVII,1610,MORISCA,M,0
XVII,1610,MULATA,F,0
XVII,1610,MULATA,M,0
XVII,1610,NEGRA,F,0
XVII,1610,NEGRA,M,0
XVII,1610,SIN_CATEGORÍA,F,0
XVII,1610,SIN_CATEGORÍA,M,0
XVII,1611,CASTIZA,F,0
XVII,1611,CASTIZA,M,0
XVII,1611,ESPAÑOLA,F,0
XVII,1611,ESPAÑOLA,M,0
XVII,1611,INDIA,F,0
XVII,1611,INDIA,M,0
XVII,1611,MESTIZA,F,0
XVII,1611,MESTIZA,M,0
XVII,1611,MORISCA,F,0
XVII,1611,MORISCA,M,0
XVII,1611,MULATA,F,0
XVII,1611,MULATA,M,0
XVII,1611,NEGRA,F,0
XVII,1611,NEGRA,M,0
XVII,1611,SIN_CATEGORÍA,F,0
XVII,1611,SIN_CATEGORÍA,M,0
XVII,1612,CASTIZA,F,0
XVII,1612,CASTIZA,M,0
XVII,1612,ESPAÑOLA,F,0
XVII,1612,ESPAÑOLA,M,0
XVII,1612,INDIA,F,0
XVII,1612,INDIA,M,0
XVII,1612,MESTIZA,F,0
XVII,1612,MESTIZA,M,0
XVII,1612,MORISCA,F,0
XVII,1612,MORISCA,M,0
XVII,1612,MULATA,F,0
XVII,1612,MULATA,M,0
XVII,1612,NEGRA,F,0
XVII,1612,NEGRA,M,0
XVII,1612,SIN_CATEGORÍA,F,0
XVII,1612,SIN_CATEGORÍA,M,0
XVII,1613,CASTIZA,F,0
XVII,1613,CASTIZA,M,0
XVII,1613,ESPAÑOLA,F,0
XVII,1613,ESPAÑOLA,M,0
XVII,1613,INDIA,F,0
XVII,1613,INDIA,M,0
XVII,1613,MESTIZA,F,0
XVII,1613,MESTIZA,M,0
XVII,1613,MORISCA,F,0
XVII,1613,MORISCA,M,0
XVII,1613,MULATA,F,0
XVII,1613,MULATA,M,0
XVII,1613,NEGRA,F,0
XVII,1613,NEGRA,M,0
XVII,1613,SIN_CATEGORÍA,F,0
XVII,1613,SIN_CATEGORÍA,M,0
XVII,1614,CASTIZA,F,0
XVII,1614,CASTIZA,M,0
XVII,1614,ESPAÑOLA,F,0
XVII,1614,ESPAÑOLA,M,0
XVII,1614,INDIA,F,0
XVII,1614,INDIA,M,0
XVII,1614,MESTIZA,F,0
XVII,1614,MESTIZA,M,0
XVII,1614,MORISCA,F,0
XVII,1614,MORISCA,M,0
XVII,1614,MULATA,F,0
XVII,1614,MULATA,M,0
XVII,1614,NEGRA,F,0
XVII,1614,NEGRA,M,0
XVII,1614,SIN_CATEGORÍA,F,0
XVII,1614,SIN_CATEGORÍA,M,0
XVII,1615,CASTIZA,F,0
XVII,1615,CASTIZA,M,0
XVII,1615,ESPAÑOLA,F,0
XVII,1615,ESPAÑOLA,M,0
XVII,1615,INDIA,F,0
XVII,1615,INDIA,M,0
XVII,1615,MESTIZA,F,0
XVII,1615,MESTIZA,M,0
XVII,1615,MORISCA,F,0
XVII,1615,MORISCA,M,0
XVII,1615,MULATA,F,0
XVII,1615,MULATA,M,0
XVII,1615,NEGRA,F,0
XVII,1615,NEGRA,M,0
XVII,1615,SIN_CATEGORÍA,F,0
XVII,1615,SIN_CATEGORÍA,M,0
XVII,1616,CASTIZA,F,0
XVII,1616,CASTIZA,M,0
XVII,1616,ESPAÑOLA,F,0
XVII,1616,ESPAÑOLA,M,0
XVII,1616,INDIA,F,0
XVII,1616,INDIA,M,0
XVII,1616,MESTIZA,F,0
XVII,1616,MESTIZA,M,0
XVII,1616,MORISCA,F,0
XVII,1616,MORISCA,M,0
XVII,1616,MULATA,F,0
XVII,1616,MULATA,M,0
XVII,1616,NEGRA,F,0
XVII,1616,NEGRA,M,0
XVII,1616,SIN_CATEGORÍA,F,0
XVII,1616,SIN_CATEGORÍA,M,0
XVII,1617,CASTIZA,F,0
XVII,1617,CASTIZA,M,0
XVII,1617,ESPAÑOLA,F,0
XVII,1617,ESPAÑOLA,M,0
XVII,1617,INDIA,F,0
XVII,1617,INDIA,M,0
XVII,1617,MESTIZA,F,0
XVII,1617,MESTIZA,M,0
XVII,1617,MORISCA,F,0
XVII,1617,MORISCA,M,0
XVII,1617,MULATA,F,0
XVII,1617,MULATA,M,0
XVII,1617,NEGRA,F,0
XVII,1617,NEGRA,M,0
XVII,1617,SIN_CATEGORÍA,F,0
XVII,1617,SIN_CATEGORÍA,M,0
XVII,1618,CASTIZA,F,0
XVII,1618,CASTIZA,M,0
XVII,1618,ESPAÑOLA,F,0
XVII,1618,ESPAÑOLA,M,0
XVII,1618,INDIA,F,0
XVII,1618,INDIA,M,0
XVII,1618,MESTIZA,F,0
XVII,1618,MESTIZA,M,0
XVII,1618,MORISCA,F,0
XVII,1618,MORISCA,M,0
XVII,1618,MULATA,F,0
XVII,1618,MULATA,M,0
XVII,1618,NEGRA,F,0
XVII,1618,NEGRA,M,0
XVII,1618,SIN_CATEGORÍA,F,0
XVII,1618,SIN_CATEGORÍA,M,0
XVII,1619,CASTIZA,F,0
XVII,1619,CASTIZA,M,0
XVII,1619,ESPAÑOLA,F,0
XVII,1619,ESPAÑOLA,M,0
XVII,1619,INDIA,F,0
XVII,1619,INDIA,M,0
XVII,1619,MESTIZA,F,0
XVII,1619,MESTIZA,M,0
XVII,1619,MORISCA,F,0
XVII,1619,MORISCA,M,0
XVII,1619,MULATA,F,0
XVII,1619,MULATA,M,0
XVII,1619,NEGRA,F,0
XVII,1619,NEGRA,M,0
XVII,1619,SIN_CATEGORÍA,F,0
XVII,1619,SIN_CATEGORÍA,M,0
XVII,1620,CASTIZA,F,0
XVII,1620,CASTIZA,M,0
XVII,1620,ESPAÑOLA,F,2
XVII,1620,ESPAÑOLA,M,1
XVII,1620,INDIA,F,2
XVII,1620,INDIA,M,5
XVII,1620,MESTIZA,F,0
XVII,1620,MESTIZA,M,0
XVII,1620,MORISCA,F,0
XVII,1620,MORISCA,M,0
XVII,1620,MULATA,F,1
XVII,1620,MULATA,M,0
XVII,1620,NEGRA,F,0
XVII,1620,NEGRA,M,3
XVII,1620,SIN_CATEGORÍA,F,0
XVII,1620,SIN_CATEGORÍA,M,0
XVII,1621,CASTIZA,F,0
XVII,1621,CASTIZA,M,0
XVII,1621,ESPAÑOLA,F,1
XVII,1621,ESPAÑOLA,M,0
XVII,1621,INDIA,F,0
XVII,1621,INDIA,M,5
XVII,1621,MESTIZA,F,0
XVII,1621,MESTIZA,M,0
XVII,1621,MORISCA,F,0
XVII,1621,MORISCA,M,0
XVII,1621,MULATA,F,0
XVII,1621,MULATA,M,0
XVII,1621,NEGRA,F,0
XVII,1621,NEGRA,M,0
XVII,1621,SIN_CATEGORÍA,F,0
XVII,1621,SIN_CATEGORÍA,M,0
XVII,1622,CASTIZA,F,0
XVII,1622,CASTIZA,M,0
XVII,1622,ESPAÑOLA,F,1
XVII,1622,ESPAÑOLA,M,2
XVII,1622,INDIA,F,0
XVII,1622,INDIA,M,0
XVII,1622,MESTIZA,F,0
XVII,1622,MESTIZA,M,0
XVII,1622,MORISCA,F,0
XVII,1622,MORISCA,M,0
XVII,1622,MULATA,F,0
XVII,1622,MULATA,M,0
XVII,1622,NEGRA,F,0
XVII,1622,NEGRA,M,0
XVII,1622,SIN_CATEGORÍA,F,1
XVII,1622,SIN_CATEGORÍA,M,0
XVII,1623,CASTIZA,F,0
XVII,1623,CASTIZA,M,0
XVII,1623,ESPAÑOLA,F,0
XVII,1623,ESPAÑOLA,M,0
XVII,1623,INDIA,F,0
XVII,1623,INDIA,M,1
XVII,1623,MESTIZA,F,0
XVII,1623,MESTIZA,M,0
XVII,1623,MORISCA,F,0
XVII,1623,MORISCA,M,0
XVII,1623,MULATA,F,0
XVII,1623,MULATA,M,0
XVII,1623,NEGRA,F,1
XVII,1623,NEGRA,M,0
XVII,1623,SIN_CATEGORÍA,F,0
XVII,1623,SIN_CATEGORÍA,M,0
XVII,1624,CASTIZA,F,0
XVII,1624,CASTIZA,M,0
XVII,1624,ESPAÑOLA,F,0
XVII,1624,ESPAÑOLA,M,1
XVII,1624,INDIA,F,1
XVII,1624,INDIA,M,1
XVII,1624,MESTIZA,F,0
XVII,1624,MESTIZA,M,0
XVII,1624,MORISCA,F,0
XVII,1624,MORISCA,M,0
XVII,1624,MULATA,F,0
XVII,1624,MULATA,M,0
XVII,1624,NEGRA,F,0
XVII,1624,NEGRA,M,0
XVII,1624,SIN_CATEGORÍA,F,0
XVII,1624,SIN_CATEGORÍA,M,0
XVII,1625,CASTIZA,F,0
XVII,1625,CASTIZA,M,0
XVII,1625,ESPAÑOLA,F,0
XVII,1625,ESPAÑOLA,M,1
XVII,1625,INDIA,F,0
XVII,1625,INDIA,M,6
XVII,1625,MESTIZA,F,0
XVII,1625,MESTIZA,M,0
XVII,1625,MORISCA,F,0
XVII,1625,MORISCA,M,0
XVII,1625,MULATA,F,0
XVII,1625,MULATA,M,0
XVII,1625,NEGRA,F,1
XVII,1625,NEGRA,M,0
XVII,1625,SIN_CATEGORÍA,F,0
XVII,1625,SIN_CATEGORÍA,M,0
XVII,1626,CASTIZA,F,0
XVII,1626,CASTIZA,M,0
XVII,1626,ESPAÑOLA,F,0
XVII,1626,ESPAÑOLA,M,0
XVII,1626,INDIA,F,0
XVII,1626,INDIA,M,0
XVII,1626,MESTIZA,F,0
XVII,1626,MESTIZA,M,0
XVII,1626,MORISCA,F,0
XVII,1626,MORISCA,M,0
XVII,1626,MULATA,F,0
XVII,1626,MULATA,M,0
XVII,1626,NEGRA,F,0
XVII,1626,NEGRA,M,0
XVII,1626,SIN_CATEGORÍA,F,0
XVII,1626,SIN_CATEGORÍA,M,0
XVII,1627,CASTIZA,F,0
XVII,1627,CASTIZA,M,0
XVII,1627,ESPAÑOLA,F,0
XVII,1627,ESPAÑOLA,M,0
XVII,1627,INDIA,F,0
XVII,1627,INDIA,M,0
XVII,1627,MESTIZA,F,0
XVII,1627,MESTIZA,M,0
XVII,1627,MORISCA,F,0
XVII,1627,MORISCA,M,0
XVII,1627,MULATA,F,0
XVII,1627,MULATA,M,0
XVII,1627,NEGRA,F,0
XVII,1627,NEGRA,M,0
XVII,1627,SIN_CATEGORÍA,F,0
XVII,1627,SIN_CATEGORÍA,M,0
XVII,1628,CASTIZA,F,0
XVII,1628,CASTIZA,M,0
XVII,1628,ESPAÑOLA,F,0
XVII,1628,ESPAÑOLA,M,0
XVII,1628,INDIA,F,0
XVII,1628,INDIA,M,0
XVII,1628,MESTIZA,F,0
XVII,1628,MESTIZA,M,0
XVII,1628,MORISCA,F,0
XVII,1628,MORISCA,M,0
XVII,1628,MULATA,F,0
XVII,1628,MULATA,M,0
XVII,1628,NEGRA,F,0
XVII,1628,NEGRA,M,0
XVII,1628,SIN_CATEGORÍA,F,0
XVII,1628,SIN_CATEGORÍA,M,0
XVII,1629,CASTIZA,F,0
XVII,1629,CASTIZA,M,0
XVII,1629,ESPAÑOLA,F,0
XVII,1629,ESPAÑOLA,M,0
XVII,1629,INDIA,F,0
XVII,1629,INDIA,M,0
XVII,1629,MESTIZA,F,0
XVII,1629,MESTIZA,M,0
XVII,1629,MORISCA,F,0
XVII,1629,MORISCA,M,0
XVII,1629,MULATA,F,0
XVII,1629,MULATA,M,0
XVII,1629,NEGRA,F,0
XVII,1629,NEGRA,M,0
XVII,1629,SIN_CATEGORÍA,F,0
XVII,1629,SIN_CATEGORÍA,M,0
XVII,1630,CASTIZA,F,0
XVII,1630,CASTIZA,M,0
XVII,1630,ESPAÑOLA,F,0
XVII,1630,ESPAÑOLA,M,0
XVII,1630,INDIA,F,0
XVII,1630,INDIA,M,0
XVII,1630,MESTIZA,F,0
XVII,1630,MESTIZA,M,0
XVII,1630,MORISCA,F,0
XVII,1630,MORISCA,M,0
XVII,1630,MULATA,F,0
XVII,1630,MULATA,M,0
XVII,1630,NEGRA,F,0
XVII,1630,NEGRA,M,0
XVII,1630,SIN_CATEGORÍA,F,0
XVII,1630,SIN_CATEGORÍA,M,0
XVII,1631,CASTIZA,F,0
XVII,1631,CASTIZA,M,0
XVII,1631,ESPAÑOLA,F,0
XVII,1631,ESPAÑOLA,M,0
XVII,1631,INDIA,F,0
XVII,1631,INDIA,M,0
XVII,1631,MESTIZA,F,0
XVII,1631,MESTIZA,M,0
XVII,1631,MORISCA,F,0
XVII,1631,MORISCA,M,0
XVII,1631,MULATA,F,0
XVII,1631,MULATA,M,0
XVII,1631,NEGRA,F,0
XVII,1631,NEGRA,M,0
XVII,1631,SIN_CATEGORÍA,F,0
XVII,1631,SIN_CATEGORÍA,M,0
XVII,1632,CASTIZA,F,0
XVII,1632,CASTIZA,M,0
XVII,1632,ESPAÑOLA,F,0
XVII,1632,ESPAÑOLA,M,0
XVII,1632,INDIA,F,0
XVII,1632,INDIA,M,0
XVII,1632,MESTIZA,F,0
XVII,1632,MESTIZA,M,0
XVII,1632,MORISCA,F,0
XVII,1632,MORISCA,M,0
XVII,1632,MULATA,F,0
XVII,1632,MULATA,M,0
XVII,1632,NEGRA,F,0
XVII,1632,NEGRA,M,0
XVII,1632,SIN_CATEGORÍA,F,0
XVII,1632,SIN_CATEGORÍA,M,0
XVII,1633,CASTIZA,F,0
XVII,1633,CASTIZA,M,0
XVII,1633,ESPAÑOLA,F,0
XVII,1633,ESPAÑOLA,M,0
XVII,1633,INDIA,F,3
XVII,1633,INDIA,M,4
XVII,1633,MESTIZA,F,0
XVII,1633,MESTIZA,M,0
XVII,1633,MORISCA,F,0
XVII,1633,MORISCA,M,0
XVII,1633,MULATA,F,0
XVII,1633,MULATA,M,0
XVII,1633,NEGRA,F,0
XVII,1633,NEGRA,M,0
XVII,1633,SIN_CATEGORÍA,F,0
XVII,1633,SIN_CATEGORÍA,M,0
XVII,1634,CASTIZA,F,0
XVII,1634,CASTIZA,M,0
XVII,1634,ESPAÑOLA,F,2
XVII,1634,ESPAÑOLA,M,1
XVII,1634,INDIA,F,9
XVII,1634,INDIA,M,10
XVII,1634,MESTIZA,F,0
XVII,1634,MESTIZA,M,0
XVII,1634,MORISCA,F,0
XVII,1634,MORISCA,M,0
XVII,1634,MULATA,F,1
XVII,1634,MULATA,M,2
XVII,1634,NEGRA,F,0
XVII,1634,NEGRA,M,0
XVII,1634,SIN_CATEGORÍA,F,0
XVII,1634,SIN_CATEGORÍA,M,1
XVII,1635,CASTIZA,F,0
XVII,1635,CASTIZA,M,0
XVII,1635,ESPAÑOLA,F,0
XVII,1635,ESPAÑOLA,M,0
XVII,1635,INDIA,F,3
XVII,1635,INDIA,M,3
XVII,1635,MESTIZA,F,2
XVII,1635,MESTIZA,M,0
XVII,1635,MORISCA,F,0
XVII,1635,MORISCA,M,0
XVII,1635,MULATA,F,0
XVII,1635,MULATA,M,0
XVII,1635,NEGRA,F,0
XVII,1635,NEGRA,M,0
XVII,1635,SIN_CATEGORÍA,F,0
XVII,1635,SIN_CATEGORÍA,M,1
XVII,1636,CASTIZA,F,0
XVII,1636,CASTIZA,M,0
XVII,1636,ESPAÑOLA,F,1
XVII,1636,ESPAÑOLA,M,2
XVII,1636,INDIA,F,1
XVII,1636,INDIA,M,2
XVII,1636,MESTIZA,F,0
XVII,1636,MESTIZA,M,0
XVII,1636,MORISCA,F,0
XVII,1636,MORISCA,M,0
XVII,1636,MULATA,F,0
XVII,1636,MULATA,M,0
XVII,1636,NEGRA,F,1
XVII,1636,NEGRA,M,0
XVII,1636,SIN_CATEGORÍA,F,0
XVII,1636,SIN_CATEGORÍA,M,0
XVII,1637,CASTIZA,F,0
XVII,1637,CASTIZA,M,0
XVII,1637,ESPAÑOLA,F,1
XVII,1637,ESPAÑOLA,M,1
XVII,1637,INDIA,F,7
XVII,1637,INDIA,M,12
XVII,1637,MESTIZA,F,1
XVII,1637,MESTIZA,M,2
XVII,1637,MORISCA,F,0
XVII,1637,MORISCA,M,0
XVII,1637,MULATA,F,1
XVII,1637,MULATA,M,2
XVII,1637,NEGRA,F,2
XVII,1637,NEGRA,M,0
XVII,1637,SIN_CATEGORÍA,F,0
XVII,1637,SIN_CATEGORÍA,M,0
XVII,1638,CASTIZA,F,0
XVII,1638,CASTIZA,M,0
XVII,1638,ESPAÑOLA,F,1
XVII,1638,ESPAÑOLA,M,3
XVII,1638,INDIA,F,3
XVII,1638,INDIA,M,6
XVII,1638,MESTIZA,F,0
XVII,1638,MESTIZA,M,1
XVII,1638,MORISCA,F,0
XVII,1638,MORISCA,M,0
XVII,1638,MULATA,F,1
XVII,1638,MULATA,M,1
XVII,1638,NEGRA,F,0
XVII,1638,NEGRA,M,0
XVII,1638,SIN_CATEGORÍA,F,0
XVII,1638,SIN_CATEGORÍA,M,1
XVII,1639,CASTIZA,F,0
XVII,1639,CASTIZA,M,0
XVII,1639,ESPAÑOLA,F,0
XVII,1639,ESPAÑOLA,M,0
XVII,1639,INDIA,F,6
XVII,1639,INDIA,M,5
XVII,1639,MESTIZA,F,0
XVII,1639,MESTIZA,M,2
XVII,1639,MORISCA,F,0
XVII,1639,MORISCA,M,0
XVII,1639,MULATA,F,1
XVII,1639,MULATA,M,0
XVII,1639,NEGRA,F,0
XVII,1639,NEGRA,M,2
XVII,1639,SIN_CATEGORÍA,F,0
XVII,1639,SIN_CATEGORÍA,M,0
XVII,1640,CASTIZA,F,0
XVII,1640,CASTIZA,M,0
XVII,1640,ESPAÑOLA,F,0
XVII,1640,ESPAÑOLA,M,2
XVII,1640,INDIA,F,0
XVII,1640,INDIA,M,0
XVII,1640,MESTIZA,F,1
XVII,1640,MESTIZA,M,0
XVII,1640,MORISCA,F,0
XVII,1640,MORISCA,M,0
XVII,1640,MULATA,F,0
XVII,1640,MULATA,M,2
XVII,1640,NEGRA,F,0
XVII,1640,NEGRA,M,1
XVII,1640,SIN_CATEGORÍA,F,0
XVII,1640,SIN_CATEGORÍA,M,0
XVII,1641,CASTIZA,F,0
XVII,1641,CASTIZA,M,0
XVII,1641,ESPAÑOLA,F,0
XVII,1641,ESPAÑOLA,M,2
XVII,1641,INDIA,F,0
XVII,1641,INDIA,M,0
XVII,1641,MESTIZA,F,1
XVII,1641,MESTIZA,M,0
XVII,1641,MORISCA,F,0
XVII,1641,MORISCA,M,0
XVII,1641,MULATA,F,0
XVII,1641,MULATA,M,2
XVII,1641,NEGRA,F,0
XVII,1641,NEGRA,M,1
XVII,1641,SIN_CATEGORÍA,F,0
XVII,1641,SIN_CATEGORÍA,M,0
XVII,1642,CASTIZA,F,0
XVII,1642,CASTIZA,M,0
XVII,1642,ESPAÑOLA,F,1
XVII,1642,ESPAÑOLA,M,1
XVII,1642,INDIA,F,4
XVII,1642,INDIA,M,5
XVII,1642,MESTIZA,F,1
XVII,1642,MESTIZA,M,0
XVII,1642,MORISCA,F,0
XVII,1642,MORISCA,M,0
XVII,1642,MULATA,F,0
XVII,1642,MULATA,M,0
XVII,1642,NEGRA,F,0
XVII,1642,NEGRA,M,0
XVII,1642,SIN_CATEGORÍA,F,0
XVII,1642,SIN_CATEGORÍA,M,0
XVII,1643,CASTIZA,F,0
XVII,1643,CASTIZA,M,0
XVII,1643,ESPAÑOLA,F,0
XVII,1643,ESPAÑOLA,M,3
XVII,1643,INDIA,F,8
XVII,1643,INDIA,M,9
XVII,1643,MESTIZA,F,1
XVII,1643,MESTIZA,M,0
XVII,1643,MORISCA,F,0
XVII,1643,MORISCA,M,0
XVII,1643,MULATA,F,1
XVII,1643,MULATA,M,3
XVII,1643,NEGRA,F,2
XVII,1643,NEGRA,M,0
XVII,1643,SIN_CATEGORÍA,F,1
XVII,1643,SIN_CATEGORÍA,M,2
XVII,1644,CASTIZA,F,0
XVII,1644,CASTIZA,M,0
XVII,1644,ESPAÑOLA,F,1
XVII,1644,ESPAÑOLA,M,0
XVII,1644,INDIA,F,2
XVII,1644,INDIA,M,5
XVII,1644,MESTIZA,F,1
XVII,1644,MESTIZA,M,0
XVII,1644,MORISCA,F,0
XVII,1644,MORISCA,M,0
XVII,1644,MULATA,F,1
XVII,1644,MULATA,M,2
XVII,1644,NEGRA,F,0
XVII,1644,NEGRA,M,0
XVII,1644,SIN_CATEGORÍA,F,0
XVII,1644,SIN_CATEGORÍA,M,0
XVII,1645,CASTIZA,F,0
XVII,1645,CASTIZA,M,0
XVII,1645,ESPAÑOLA,F,3
XVII,1645,ESPAÑOLA,M,1
XVII,1645,INDIA,F,9
XVII,1645,INDIA,M,2
XVII,1645,MESTIZA,F,1
XVII,1645,MESTIZA,M,0
XVII,1645,MORISCA,F,0
XVII,1645,MORISCA,M,0
XVII,1645,MULATA,F,1
XVII,1645,MULATA,M,0
XVII,1645,NEGRA,F,1
XVII,1645,NEGRA,M,0
XVII,1645,SIN_CATEGORÍA,F,0
XVII,1645,SIN_CATEGORÍA,M,0
XVII,1646,CASTIZA,F,0
XVII,1646,CASTIZA,M,0
XVII,1646,ESPAÑOLA,F,2
XVII,1646,ESPAÑOLA,M,5
XVII,1646,INDIA,F,1
XVII,1646,INDIA,M,5
XVII,1646,MESTIZA,F,1
XVII,1646,MESTIZA,M,1
XVII,1646,MORISCA,F,0
XVII,1646,MORISCA,M,0
XVII,1646,MULATA,F,1
XVII,1646,MULATA,M,1
XVII,1646,NEGRA,F,2
XVII,1646,NEGRA,M,0
XVII,1646,SIN_CATEGORÍA,F,0
XVII,1646,SIN_CATEGORÍA,M,0
XVII,1647,CASTIZA,F,0
XVII,1647,CASTIZA,M,0
XVII,1647,ESPAÑOLA,F,3
XVII,1647,ESPAÑOLA,M,2
XVII,1647,INDIA,F,2
XVII,1647,INDIA,M,6
XVII,1647,MESTIZA,F,3
XVII,1647,MESTIZA,M,1
XVII,1647,MORISCA,F,0
XVII,1647,MORISCA,M,0
XVII,1647,MULATA,F,1
XVII,1647,MULATA,M,1
XVII,1647,NEGRA,F,0
XVII,1647,NEGRA,M,0
XVII,1647,SIN_CATEGORÍA,F,0
XVII,1647,SIN_CATEGORÍA,M,1
XVII,1648,CASTIZA,F,0
XVII,1648,CASTIZA,M,0
XVII,1648,ESPAÑOLA,F,3
XVII,1648,ESPAÑOLA,M,2
XVII,1648,INDIA,F,2
XVII,1648,INDIA,M,6
XVII,1648,MESTIZA,F,3
XVII,1648,MESTIZA,M,1
XVII,1648,MORISCA,F,0
XVII,1648,MORISCA,M,0
XVII,1648,MULATA,F,1
XVII,1648,MULATA,M,1
XVII,1648,NEGRA,F,0
XVII,1648,NEGRA,M,0
XVII,1648,SIN_CATEGORÍA,F,0
XVII,1648,SIN_CATEGORÍA,M,0
XVII,1649,CASTIZA,F,0
XVII,1649,CASTIZA,M,0
XVII,1649,ESPAÑOLA,F,1
XVII,1649,ESPAÑOLA,M,2
XVII,1649,INDIA,F,6
XVII,1649,INDIA,M,7
XVII,1649,MESTIZA,F,2
XVII,1649,MESTIZA,M,1
XVII,1649,MORISCA,F,0
XVII,1649,MORISCA,M,0
XVII,1649,MULATA,F,0
XVII,1649,MULATA,M,1
XVII,1649,NEGRA,F,1
XVII,1649,NEGRA,M,1
XVII,1649,SIN_CATEGORÍA,F,0
XVII,1649,SIN_CATEGORÍA,M,1
XVII,1650,CASTIZA,F,0
XVII,1650,CASTIZA,M,0
XVII,1650,ESPAÑOLA,F,2
XVII,1650,ESPAÑOLA,M,0
XVII,1650,INDIA,F,13
XVII,1650,INDIA,M,8
XVII,1650,MESTIZA,F,1
XVII,1650,MESTIZA,M,1
XVII,1650,MORISCA,F,0
XVII,1650,MORISCA,M,0
XVII,1650,MULATA,F,0
XVII,1650,MULATA,M,1
XVII,1650,NEGRA,F,1
XVII,1650,NEGRA,M,0
XVII,1650,SIN_CATEGORÍA,F,0
XVII,1650,SIN_CATEGORÍA,M,0
XVII,1651,CASTIZA,F,0
XVII,1651,CASTIZA,M,0
XVII,1651,ESPAÑOLA,F,7
XVII,1651,ESPAÑOLA,M,6
XVII,1651,INDIA,F,6
XVII,1651,INDIA,M,6
XVII,1651,MESTIZA,F,0
XVII,1651,MESTIZA,M,0
XVII,1651,MORISCA,F,0
XVII,1651,MORISCA,M,0
XVII,1651,MULATA,F,1
XVII,1651,MULATA,M,1
XVII,1651,NEGRA,F,1
XVII,1651,NEGRA,M,0
XVII,1651,SIN_CATEGORÍA,F,0
XVII,1651,SIN_CATEGORÍA,M,0
XVII,1652,CASTIZA,F,0
XVII,1652,CASTIZA,M,0
XVII,1652,ESPAÑOLA,F,3
XVII,1652,ESPAÑOLA,M,5
XVII,1652,INDIA,F,4
XVII,1652,INDIA,M,5
XVII,1652,MESTIZA,F,0
XVII,1652,MESTIZA,M,3
XVII,1652,MORISCA,F,0
XVII,1652,MORISCA,M,0
XVII,1652,MULATA,F,0
XVII,1652,MULATA,M,0
XVII,1652,NEGRA,F,1
XVII,1652,NEGRA,M,0
XVII,1652,SIN_CATEGORÍA,F,0
XVII,1652,SIN_CATEGORÍA,M,1
XVII,1653,CASTIZA,F,0
XVII,1653,CASTIZA,M,0
XVII,1653,ESPAÑOLA,F,0
XVII,1653,ESPAÑOLA,M,0
XVII,1653,INDIA,F,0
XVII,1653,INDIA,M,0
XVII,1653,MESTIZA,F,0
XVII,1653,MESTIZA,M,0
XVII,1653,MORISCA,F,0
XVII,1653,MORISCA,M,0
XVII,1653,MULATA,F,0
XVII,1653,MULATA,M,0
XVII,1653,NEGRA,F,0
XVII,1653,NEGRA,M,0
XVII,1653,SIN_CATEGORÍA,F,0
XVII,1653,SIN_CATEGORÍA,M,0
XVII,1654,CASTIZA,F,0
XVII,1654,CASTIZA,M,0
XVII,1654,ESPAÑOLA,F,0
XVII,1654,ESPAÑOLA,M,0
XVII,1654,INDIA,F,0
XVII,1654,INDIA,M,0
XVII,1654,MESTIZA,F,0
XVII,1654,MESTIZA,M,0
XVII,1654,MORISCA,F,0
XVII,1654,MORISCA,M,0
XVII,1654,MULATA,F,0
XVII,1654,MULATA,M,0
XVII,1654,NEGRA,F,0
XVII,1654,NEGRA,M,0
XVII,1654,SIN_CATEGORÍA,F,0
XVII,1654,SIN_CATEGORÍA,M,0
XVII,1655,CASTIZA,F,0
XVII,1655,CASTIZA,M,0
XVII,1655,ESPAÑOLA,F,3
XVII,1655,ESPAÑOLA,M,5
XVII,1655,INDIA,F,5
XVII,1655,INDIA,M,10
XVII,1655,MESTIZA,F,6
XVII,1655,MESTIZA,M,3
XVII,1655,MORISCA,F,0
XVII,1655,MORISCA,M,0
XVII,1655,MULATA,F,3
XVII,1655,MULATA,M,3
XVII,1655,NEGRA,F,1
XVII,1655,NEGRA,M,1
XVII,1655,SIN_CATEGORÍA,F,0
XVII,1655,SIN_CATEGORÍA,M,0
XVII,1656,CASTIZA,F,0
XVII,1656,CASTIZA,M,0
XVII,1656,ESPAÑOLA,F,3
XVII,1656,ESPAÑOLA,M,9
XVII,1656,INDIA,F,3
XVII,1656,INDIA,M,2
XVII,1656,MESTIZA,F,0
XVII,1656,MESTIZA,M,2
XVII,1656,MORISCA,F,0
XVII,1656,MORISCA,M,0
XVII,1656,MULATA,F,0
XVII,1656,MULATA,M,2
XVII,1656,NEGRA,F,0
XVII,1656,NEGRA,M,0
XVII,1656,SIN_CATEGORÍA,F,0
XVII,1656,SIN_CATEGORÍA,M,0
XVII,1657,CASTIZA,F,0
XVII,1657,CASTIZA,M,0
XVII,1657,ESPAÑOLA,F,2
XVII,1657,ESPAÑOLA,M,5
XVII,1657,INDIA,F,4
XVII,1657,INDIA,M,3
XVII,1657,MESTIZA,F,0
XVII,1657,MESTIZA,M,1
XVII,1657,MORISCA,F,0
XVII,1657,MORISCA,M,0
XVII,1657,MULATA,F,1
XVII,1657,MULATA,M,1
XVII,1657,NEGRA,F,0
XVII,1657,NEGRA,M,0
XVII,1657,SIN_CATEGORÍA,F,0
XVII,1657,SIN_CATEGORÍA,M,0
XVII,1658,CASTIZA,F,0
XVII,1658,CASTIZA,M,0
XVII,1658,ESPAÑOLA,F,0
XVII,1658,ESPAÑOLA,M,3
XVII,1658,INDIA,F,3
XVII,1658,INDIA,M,6
XVII,1658,MESTIZA,F,2
XVII,1658,MESTIZA,M,2
XVII,1658,MORISCA,F,0
XVII,1658,MORISCA,M,0
XVII,1658,MULATA,F,0
XVII,1658,MULATA,M,1
XVII,1658,NEGRA,F,3
XVII,1658,NEGRA,M,0
XVII,1658,SIN_CATEGORÍA,F,0
XVII,1658,SIN_CATEGORÍA,M,0
XVII,1659,CASTIZA,F,0
XVII,1659,CASTIZA,M,0
XVII,1659,ESPAÑOLA,F,7
XVII,1659,ESPAÑOLA,M,8
XVII,1659,INDIA,F,10
XVII,1659,INDIA,M,9
XVII,1659,MESTIZA,F,2
XVII,1659,MESTIZA,M,3
XVII,1659,MORISCA,F,1
XVII,1659,MORISCA,M,0
XVII,1659,MULATA,F,2
XVII,1659,MULATA,M,1
XVII,1659,NEGRA,F,1
XVII,1659,NEGRA,M,0
XVII,1659,SIN_CATEGORÍA,F,0
XVII,1659,SIN_CATEGORÍA,M,2
XVII,1660,CASTIZA,F,0
XVII,1660,CASTIZA,M,0
XVII,1660,ESPAÑOLA,F,1
XVII,1660,ESPAÑOLA,M,10
XVII,1660,INDIA,F,7
XVII,1660,INDIA,M,6
XVII,1660,MESTIZA,F,3
XVII,1660,MESTIZA,M,2
XVII,1660,MORISCA,F,0
XVII,1660,MORISCA,M,0
XVII,1660,MULATA,F,1
XVII,1660,MULATA,M,2
XVII,1660,NEGRA,F,0
XVII,1660,NEGRA,M,0
XVII,1660,SIN_CATEGORÍA,F,0
XVII,1660,SIN_CATEGORÍA,M,0
XVII,1661,CASTIZA,F,0
XVII,1661,CASTIZA,M,0
XVII,1661,ESPAÑOLA,F,0
XVII,1661,ESPAÑOLA,M,0
XVII,1661,INDIA,F,5
XVII,1661,INDIA,M,8
XVII,1661,MESTIZA,F,1
XVII,1661,MESTIZA,M,1
XVII,1661,MORISCA,F,0
XVII,1661,MORISCA,M,0
XVII,1661,MULATA,F,0
XVII,1661,MULATA,M,2
XVII,1661,NEGRA,F,0
XVII,1661,NEGRA,M,0
XVII,1661,SIN_CATEGORÍA,F,0
XVII,1661,SIN_CATEGORÍA,M,0
XVII,1662,CASTIZA,F,0
XVII,1662,CASTIZA,M,0
XVII,1662,ESPAÑOLA,F,1
XVII,1662,ESPAÑOLA,M,3
XVII,1662,INDIA,F,3
XVII,1662,INDIA,M,4
XVII,1662,MESTIZA,F,2
XVII,1662,MESTIZA,M,1
XVII,1662,MORISCA,F,0
XVII,1662,MORISCA,M,0
XVII,1662,MULATA,F,0
XVII,1662,MULATA,M,1
XVII,1662,NEGRA,F,0
XVII,1662,NEGRA,M,1
XVII,1662,SIN_CATEGORÍA,F,0
XVII,1662,SIN_CATEGORÍA,M,0
XVII,1663,CASTIZA,F,0
XVII,1663,CASTIZA,M,0
XVII,1663,ESPAÑOLA,F,3
XVII,1663,ESPAÑOLA,M,3
XVII,1663,INDIA,F,1
XVII,1663,INDIA,M,2
XVII,1663,MESTIZA,F,1
XVII,1663,MESTIZA,M,0
XVII,1663,MORISCA,F,0
XVII,1663,MORISCA,M,0
XVII,1663,MULATA,F,1
XVII,1663,MULATA,M,2
XVII,1663,NEGRA,F,0
XVII,1663,NEGRA,M,0
XVII,1663,SIN_CATEGORÍA,F,0
XVII,1663,SIN_CATEGORÍA,M,0
XVII,1664,CASTIZA,F,0
XVII,1664,CASTIZA,M,0
XVII,1664,ESPAÑOLA,F,2
XVII,1664,ESPAÑOLA,M,8
XVII,1664,INDIA,F,3
XVII,1664,INDIA,M,7
XVII,1664,MESTIZA,F,2
XVII,1664,MESTIZA,M,2
XVII,1664,MORISCA,F,1
XVII,1664,MORISCA,M,0
XVII,1664,MULATA,F,4
XVII,1664,MULATA,M,0
XVII,1664,NEGRA,F,0
XVII,1664,NEGRA,M,0
XVII,1664,SIN_CATEGORÍA,F,0
XVII,1664,SIN_CATEGORÍA,M,0
XVII,1665,CASTIZA,F,0
XVII,1665,CASTIZA,M,0
XVII,1665,ESPAÑOLA,F,18
XVII,1665,ESPAÑOLA,M,12
XVII,1665,INDIA,F,32
XVII,1665,INDIA,M,16
XVII,1665,MESTIZA,F,10
XVII,1665,MESTIZA,M,8
XVII,1665,MORISCA,F,0
XVII,1665,MORISCA,M,0
XVII,1665,MULATA,F,2
XVII,1665,MULATA,M,2
XVII,1665,NEGRA,F,0
XVII,1665,NEGRA,M,2
XVII,1665,SIN_CATEGORÍA,F,0
XVII,1665,SIN_CATEGORÍA,M,0
XVII,1666,CASTIZA,F,0
XVII,1666,CASTIZA,M,0
XVII,1666,ESPAÑOLA,F,5
XVII,1666,ESPAÑOLA,M,6
XVII,1666,INDIA,F,4
XVII,1666,INDIA,M,3
XVII,1666,MESTIZA,F,2
XVII,1666,MESTIZA,M,3
XVII,1666,MORISCA,F,0
XVII,1666,MORISCA,M,0
XVII,1666,MULATA,F,2
XVII,1666,MULATA,M,1
XVII,1666,NEGRA,F,1
XVII,1666,NEGRA,M,1
XVII,1666,SIN_CATEGORÍA,F,0
XVII,1666,SIN_CATEGORÍA,M,0
XVII,1667,CASTIZA,F,0
XVII,1667,CASTIZA,M,0
XVII,1667,ESPAÑOLA,F,8
XVII,1667,ESPAÑOLA,M,9
XVII,1667,INDIA,F,9
XVII,1667,INDIA,M,8
XVII,1667,MESTIZA,F,5
XVII,1667,MESTIZA,M,4
XVII,1667,MORISCA,F,0
XVII,1667,MORISCA,M,0
XVII,1667,MULATA,F,1
XVII,1667,MULATA,M,0
XVII,1667,NEGRA,F,0
XVII,1667,NEGRA,M,0
XVII,1667,SIN_CATEGORÍA,F,0
XVII,1667,SIN_CATEGORÍA,M,1
XVII,1668,CASTIZA,F,0
XVII,1668,CASTIZA,M,0
XVII,1668,ESPAÑOLA,F,8
XVII,1668,ESPAÑOLA,M,5
XVII,1668,INDIA,F,8
XVII,1668,INDIA,M,6
XVII,1668,MESTIZA,F,1
XVII,1668,MESTIZA,M,4
XVII,1668,MORISCA,F,0
XVII,1668,MORISCA,M,0
XVII,1668,MULATA,F,4
XVII,1668,MULATA,M,0
XVII,1668,NEGRA,F,1
XVII,1668,NEGRA,M,0
XVII,1668,SIN_CATEGORÍA,F,1
XVII,1668,SIN_CATEGORÍA,M,0
XVII,1669,CASTIZA,F,0
XVII,1669,CASTIZA,M,0
XVII,1669,ESPAÑOLA,F,20
XVII,1669,ESPAÑOLA,M,13
XVII,1669,INDIA,F,4
XVII,1669,INDIA,M,13
XVII,1669,MESTIZA,F,5
XVII,1669,MESTIZA,M,6
XVII,1669,MORISCA,F,1
XVII,1669,MORISCA,M,0
XVII,1669,MULATA,F,2
XVII,1669,MULATA,M,3
XVII,1669,NEGRA,F,2
XVII,1669,NEGRA,M,0
XVII,1669,SIN_CATEGORÍA,F,0
XVII,1669,SIN_CATEGORÍA,M,1
XVII,1670,CASTIZA,F,0
XVII,1670,CASTIZA,M,0
XVII,1670,ESPAÑOLA,F,4
XVII,1670,ESPAÑOLA,M,8
XVII,1670,INDIA,F,2
XVII,1670,INDIA,M,1
XVII,1670,MESTIZA,F,2
XVII,1670,MESTIZA,M,1
XVII,1670,MORISCA,F,0
XVII,1670,MORISCA,M,0
XVII,1670,MULATA,F,0
XVII,1670,MULATA,M,0
XVII,1670,NEGRA,F,0
XVII,1670,NEGRA,M,0
XVII,1670,SIN_CATEGORÍA,F,0
XVII,1670,SIN_CATEGORÍA,M,0
XVII,1671,CASTIZA,F,0
XVII,1671,CASTIZA,M,0
XVII,1671,ESPAÑOLA,F,4
XVII,1671,ESPAÑOLA,M,9
XVII,1671,INDIA,F,4
XVII,1671,INDIA,M,7
XVII,1671,MESTIZA,F,3
XVII,1671,MESTIZA,M,2
XVII,1671,MORISCA,F,0
XVII,1671,MORISCA,M,0
XVII,1671,MULATA,F,1
XVII,1671,MULATA,M,0
XVII,1671,NEGRA,F,1
XVII,1671,NEGRA,M,0
XVII,1671,SIN_CATEGORÍA,F,0
XVII,1671,SIN_CATEGORÍA,M,0
XVII,1672,CASTIZA,F,0
XVII,1672,CASTIZA,M,0
XVII,1672,ESPAÑOLA,F,3
XVII,1672,ESPAÑOLA,M,4
XVII,1672,INDIA,F,1
XVII,1672,INDIA,M,4
XVII,1672,MESTIZA,F,5
XVII,1672,MESTIZA,M,3
XVII,1672,MORISCA,F,0
XVII,1672,MORISCA,M,0
XVII,1672,MULATA,F,1
XVII,1672,MULATA,M,1
XVII,1672,NEGRA,F,0
XVII,1672,NEGRA,M,0
XVII,1672,SIN_CATEGORÍA,F,0
XVII,1672,SIN_CATEGORÍA,M,0
XVII,1673,CASTIZA,F,0
XVII,1673,CASTIZA,M,0
XVII,1673,ESPAÑOLA,F,10
XVII,1673,ESPAÑOLA,M,19
XVII,1673,INDIA,F,9
XVII,1673,INDIA,M,8
XVII,1673,MESTIZA,F,5
XVII,1673,MESTIZA,M,2
XVII,1673,MORISCA,F,0
XVII,1673,MORISCA,M,1
XVII,1673,MULATA,F,2
XVII,1673,MULATA,M,4
XVII,1673,NEGRA,F,0
XVII,1673,NEGRA,M,1
XVII,1673,SIN_CATEGORÍA,F,0
XVII,1673,SIN_CATEGORÍA,M,0
XVII,1674,CASTIZA,F,0
XVII,1674,CASTIZA,M,0
XVII,1674,ESPAÑOLA,F,9
XVII,1674,ESPAÑOLA,M,12
XVII,1674,INDIA,F,10
XVII,1674,INDIA,M,8
XVII,1674,MESTIZA,F,2
XVII,1674,MESTIZA,M,1
XVII,1674,MORISCA,F,0
XVII,1674,MORISCA,M,0
XVII,1674,MULATA,F,2
XVII,1674,MULATA,M,3
XVII,1674,NEGRA,F,0
XVII,1674,NEGRA,M,2
XVII,1674,SIN_CATEGORÍA,F,0
XVII,1674,SIN_CATEGORÍA,M,0
XVII,1675,CASTIZA,F,0
XVII,1675,CASTIZA,M,0
XVII,1675,ESPAÑOLA,F,4
XVII,1675,ESPAÑOLA,M,11
XVII,1675,INDIA,F,3
XVII,1675,INDIA,M,3
XVII,1675,MESTIZA,F,4
XVII,1675,MESTIZA,M,3
XVII,1675,MORISCA,F,0
XVII,1675,MORISCA,M,1
XVII,1675,MULATA,F,2
XVII,1675,MULATA,M,3
XVII,1675,NEGRA,F,0
XVII,1675,NEGRA,M,1
XVII,1675,SIN_CATEGORÍA,F,0
XVII,1675,SIN_CATEGORÍA,M,0
XVII,1676,CASTIZA,F,0
XVII,1676,CASTIZA,M,0
XVII,1676,ESPAÑOLA,F,8
XVII,1676,ESPAÑOLA,M,3
XVII,1676,INDIA,F,7
XVII,1676,INDIA,M,7
XVII,1676,MESTIZA,F,1
XVII,1676,MESTIZA,M,4
XVII,1676,MORISCA,F,0
XVII,1676,MORISCA,M,1
XVII,1676,MULATA,F,6
XVII,1676,MULATA,M,6
XVII,1676,NEGRA,F,3
XVII,1676,NEGRA,M,1
XVII,1676,SIN_CATEGORÍA,F,0
XVII,1676,SIN_CATEGORÍA,M,0
XVII,1677,CASTIZA,F,0
XVII,1677,CASTIZA,M,0
XVII,1677,ESPAÑOLA,F,2
XVII,1677,ESPAÑOLA,M,9
XVII,1677,INDIA,F,8
XVII,1677,INDIA,M,6
XVII,1677,MESTIZA,F,4
XVII,1677,MESTIZA,M,3
XVII,1677,MORISCA,F,0
XVII,1677,MORISCA,M,0
XVII,1677,MULATA,F,1
XVII,1677,MULATA,M,2
XVII,1677,NEGRA,F,0
XVII,1677,NEGRA,M,3
XVII,1677,SIN_CATEGORÍA,F,0
XVII,1677,SIN_CATEGORÍA,M,0
XVII,1678,CASTIZA,F,0
XVII,1678,CASTIZA,M,0
XVII,1678,ESPAÑOLA,F,7
XVII,1678,ESPAÑOLA,M,14
XVII,1678,INDIA,F,16
XVII,1678,INDIA,M,14
XVII,1678,MESTIZA,F,5
XVII,1678,MESTIZA,M,4
XVII,1678,MORISCA,F,0
XVII,1678,MORISCA,M,2
XVII,1678,MULATA,F,0
XVII,1678,MULATA,M,0
XVII,1678,NEGRA,F,0
XVII,1678,NEGRA,M,3
XVII,1678,SIN_CATEGORÍA,F,0
XVII,1678,SIN_CATEGORÍA,M,0
XVII,1679,CASTIZA,F,0
XVII,1679,CASTIZA,M,0
XVII,1679,ESPAÑOLA,F,7
XVII,1679,ESPAÑOLA,M,16
XVII,1679,INDIA,F,7
XVII,1679,INDIA,M,7
XVII,1679,MESTIZA,F,3
XVII,1679,MESTIZA,M,5
XVII,1679,MORISCA,F,0
XVII,1679,MORISCA,M,0
XVII,1679,MULATA,F,1
XVII,1679,MULATA,M,2
XVII,1679,NEGRA,F,0
XVII,1679,NEGRA,M,0
XVII,1679,SIN_CATEGORÍA,F,0
XVII,1679,SIN_CATEGORÍA,M,0
XVII,1680,CASTIZA,F,0
XVII,1680,CASTIZA,M,0
XVII,1680,ESPAÑOLA,F,8
XVII,1680,ESPAÑOLA,M,7
XVII,1680,INDIA,F,7
XVII,1680,INDIA,M,11
XVII,1680,MESTIZA,F,5
XVII,1680,MESTIZA,M,5
XVII,1680,MORISCA,F,0
XVII,1680,MORISCA,M,0
XVII,1680,MULATA,F,2
XVII,1680,MULATA,M,2
XVII,1680,NEGRA,F,0
XVII,1680,NEGRA,M,0
XVII,1680,SIN_CATEGORÍA,F,0
XVII,1680,SIN_CATEGORÍA,M,0
XVII,1681,CASTIZA,F,0
XVII,1681,CASTIZA,M,0
XVII,1681,ESPAÑOLA,F,13
XVII,1681,ESPAÑOLA,M,7
XVII,1681,INDIA,F,13
XVII,1681,INDIA,M,14
XVII,1681,MESTIZA,F,6
XVII,1681,MESTIZA,M,1
XVII,1681,MORISCA,F,0
XVII,1681,MORISCA,M,0
XVII,1681,MULATA,F,2
XVII,1681,MULATA,M,2
XVII,1681,NEGRA,F,3
XVII,1681,NEGRA,M,0
XVII,1681,SIN_CATEGORÍA,F,0
XVII,1681,SIN_CATEGORÍA,M,0
XVII,1682,CASTIZA,F,0
XVII,1682,CASTIZA,M,0
XVII,1682,ESPAÑOLA,F,15
XVII,1682,ESPAÑOLA,M,8
XVII,1682,INDIA,F,4
XVII,1682,INDIA,M,8
XVII,1682,MESTIZA,F,3
XVII,1682,MESTIZA,M,7
XVII,1682,MORISCA,F,0
XVII,1682,MORISCA,M,0
XVII,1682,MULATA,F,2
XVII,1682,MULATA,M,0
XVII,1682,NEGRA,F,1
XVII,1682,NEGRA,M,0
XVII,1682,SIN_CATEGORÍA,F,0
XVII,1682,SIN_CATEGORÍA,M,0
XVII,1683,CASTIZA,F,0
XVII,1683,CASTIZA,M,0
XVII,1683,ESPAÑOLA,F,8
XVII,1683,ESPAÑOLA,M,17
XVII,1683,INDIA,F,15
XVII,1683,INDIA,M,23
XVII,1683,MESTIZA,F,4
XVII,1683,MESTIZA,M,9
XVII,1683,MORISCA,F,1
XVII,1683,MORISCA,M,1
XVII,1683,MULATA,F,2
XVII,1683,MULATA,M,2
XVII,1683,NEGRA,F,3
XVII,1683,NEGRA,M,1
XVII,1683,SIN_CATEGORÍA,F,0
XVII,1683,SIN_CATEGORÍA,M,0
XVII,1684,CASTIZA,F,0
XVII,1684,CASTIZA,M,0
XVII,1684,ESPAÑOLA,F,5
XVII,1684,ESPAÑOLA,M,11
XVII,1684,INDIA,F,6
XVII,1684,INDIA,M,5
XVII,1684,MESTIZA,F,3
XVII,1684,MESTIZA,M,5
XVII,1684,MORISCA,F,0
XVII,1684,MORISCA,M,0
XVII,1684,MULATA,F,0
XVII,1684,MULATA,M,0
XVII,1684,NEGRA,F,1
XVII,1684,NEGRA,M,0
XVII,1684,SIN_CATEGORÍA,F,0
XVII,1684,SIN_CATEGORÍA,M,0
XVII,1685,CASTIZA,F,0
XVII,1685,CASTIZA,M,0
XVII,1685,ESPAÑOLA,F,1
XVII,1685,ESPAÑOLA,M,13
XVII,1685,INDIA,F,8
XVII,1685,INDIA,M,11
XVII,1685,MESTIZA,F,0
XVII,1685,MESTIZA,M,0
XVII,1685,MORISCA,F,0
XVII,1685,MORISCA,M,0
XVII,1685,MULATA,F,2
XVII,1685,MULATA,M,0
XVII,1685,NEGRA,F,0
XVII,1685,NEGRA,M,0
XVII,1685,SIN_CATEGORÍA,F,0
XVII,1685,SIN_CATEGORÍA,M,0
XVII,1686,CASTIZA,F,0
XVII,1686,CASTIZA,M,0
XVII,1686,ESPAÑOLA,F,11
XVII,1686,ESPAÑOLA,M,10
XVII,1686,INDIA,F,5
XVII,1686,INDIA,M,10
XVII,1686,MESTIZA,F,5
XVII,1686,MESTIZA,M,3
XVII,1686,MORISCA,F,0
XVII,1686,MORISCA,M,0
XVII,1686,MULATA,F,1
XVII,1686,MULATA,M,3
XVII,1686,NEGRA,F,1
XVII,1686,NEGRA,M,0
XVII,1686,SIN_CATEGORÍA,F,0
XVII,1686,SIN_CATEGORÍA,M,1
XVII,1687,CASTIZA,F,0
XVII,1687,CASTIZA,M,0
XVII,1687,ESPAÑOLA,F,8
XVII,1687,ESPAÑOLA,M,10
XVII,1687,INDIA,F,3
XVII,1687,INDIA,M,10
XVII,1687,MESTIZA,F,3
XVII,1687,MESTIZA,M,4
XVII,1687,MORISCA,F,0
XVII,1687,MORISCA,M,0
XVII,1687,MULATA,F,1
XVII,1687,MULATA,M,3
XVII,1687,NEGRA,F,1
XVII,1687,NEGRA,M,1
XVII,1687,SIN_CATEGORÍA,F,0
XVII,1687,SIN_CATEGORÍA,M,0
XVII,1688,CASTIZA,F,0
XVII,1688,CASTIZA,M,0
XVII,1688,ESPAÑOLA,F,5
XVII,1688,ESPAÑOLA,M,3
XVII,1688,INDIA,F,3
XVII,1688,INDIA,M,3
XVII,1688,MESTIZA,F,1
XVII,1688,MESTIZA,M,2
XVII,1688,MORISCA,F,0
XVII,1688,MORISCA,M,0
XVII,1688,MULATA,F,4
XVII,1688,MULATA,M,2
XVII,1688,NEGRA,F,1
XVII,1688,NEGRA,M,0
XVII,1688,SIN_CATEGORÍA,F,0
XVII,1688,SIN_CATEGORÍA,M,0
XVII,1689,CASTIZA,F,0
XVII,1689,CASTIZA,M,0
XVII,1689,ESPAÑOLA,F,3
XVII,1689,ESPAÑOLA,M,3
XVII,1689,INDIA,F,6
XVII,1689,INDIA,M,2
XVII,1689,MESTIZA,F,2
XVII,1689,MESTIZA,M,2
XVII,1689,MORISCA,F,0
XVII,1689,MORISCA,M,0
XVII,1689,MULATA,F,1
XVII,1689,MULATA,M,1
XVII,1689,NEGRA,F,0
XVII,1689,NEGRA,M,0
XVII,1689,SIN_CATEGORÍA,F,0
XVII,1689,SIN_CATEGORÍA,M,0
XVII,1690,CASTIZA,F,0
XVII,1690,CASTIZA,M,0
XVII,1690,ESPAÑOLA,F,10
XVII,1690,ESPAÑOLA,M,6
XVII,1690,INDIA,F,8
XVII,1690,INDIA,M,7
XVII,1690,MESTIZA,F,2
XVII,1690,MESTIZA,M,1
XVII,1690,MORISCA,F,0
XVII,1690,MORISCA,M,0
XVII,1690,MULATA,F,2
XVII,1690,MULATA,M,1
XVII,1690,NEGRA,F,0
XVII,1690,NEGRA,M,0
XVII,1690,SIN_CATEGORÍA,F,0
XVII,1690,SIN_CATEGORÍA,M,0
XVII,1691,CASTIZA,F,0
XVII,1691,CASTIZA,M,0
XVII,1691,ESPAÑOLA,F,13
XVII,1691,ESPAÑOLA,M,9
XVII,1691,INDIA,F,10
XVII,1691,INDIA,M,7
XVII,1691,MESTIZA,F,4
XVII,1691,MESTIZA,M,3
XVII,1691,MORISCA,F,0
XVII,1691,MORISCA,M,0
XVII,1691,MULATA,F,2
XVII,1691,MULATA,M,3
XVII,1691,NEGRA,F,0
XVII,1691,NEGRA,M,0
XVII,1691,SIN_CATEGORÍA,F,0
XVII,1691,SIN_CATEGORÍA,M,0
XVII,1692,CASTIZA,F,0
XVII,1692,CASTIZA,M,0
XVII,1692,ESPAÑOLA,F,19
XVII,1692,ESPAÑOLA,M,6
XVII,1692,INDIA,F,9
XVII,1692,INDIA,M,3
XVII,1692,MESTIZA,F,0
XVII,1692,MESTIZA,M,2
XVII,1692,MORISCA,F,0
XVII,1692,MORISCA,M,0
XVII,1692,MULATA,F,2
XVII,1692,MULATA,M,4
XVII,1692,NEGRA,F,3
XVII,1692,NEGRA,M,0
XVII,1692,SIN_CATEGORÍA,F,1
XVII,1692,SIN_CATEGORÍA,M,0
XVII,1693,CASTIZA,F,0
XVII,1693,CASTIZA,M,0
XVII,1693,ESPAÑOLA,F,11
XVII,1693,ESPAÑOLA,M,9
XVII,1693,INDIA,F,3
XVII,1693,INDIA,M,11
XVII,1693,MESTIZA,F,4
XVII,1693,MESTIZA,M,1
XVII,1693,MORISCA,F,0
XVII,1693,MORISCA,M,0
XVII,1693,MULATA,F,0
XVII,1693,MULATA,M,2
XVII,1693,NEGRA,F,1
XVII,1693,NEGRA,M,2
XVII,1693,SIN_CATEGORÍA,F,0
XVII,1693,SIN_CATEGORÍA,M,0
XVII,1694,CASTIZA,F,0
XVII,1694,CASTIZA,M,0
XVII,1694,ESPAÑOLA,F,6
XVII,1694,ESPAÑOLA,M,13
XVII,1694,INDIA,F,2
XVII,1694,INDIA,M,7
XVII,1694,MESTIZA,F,1
XVII,1694,MESTIZA,M,2
XVII,1694,MORISCA,F,1
XVII,1694,MORISCA,M,0
XVII,1694,MULATA,F,2
XVII,1694,MULATA,M,1
XVII,1694,NEGRA,F,0
XVII,1694,NEGRA,M,0
XVII,1694,SIN_CATEGORÍA,F,0
XVII,1694,SIN_CATEGORÍA,M,0
XVII,1695,CASTIZA,F,0
XVII,1695,CASTIZA,M,0
XVII,1695,ESPAÑOLA,F,7
XVII,1695,ESPAÑOLA,M,8
XVII,1695,INDIA,F,4
XVII,1695,INDIA,M,11
XVII,1695,MESTIZA,F,2
XVII,1695,MESTIZA,M,3
XVII,1695,MORISCA,F,0
XVII,1695,MORISCA,M,0
XVII,1695,MULATA,F,3
XVII,1695,MULATA,M,1
XVII,1695,NEGRA,F,0
XVII,1695,NEGRA,M,0
XVII,1695,SIN_CATEGORÍA,F,1
XVII,1695,SIN_CATEGORÍA,M,0
XVII,1696,CASTIZA,F,0
XVII,1696,CASTIZA,M,0
XVII,1696,ESPAÑOLA,F,8
XVII,1696,ESPAÑOLA,M,6
XVII,1696,INDIA,F,3
XVII,1696,INDIA,M,12
XVII,1696,MESTIZA,F,4
XVII,1696,MESTIZA,M,1
XVII,1696,MORISCA,F,0
XVII,1696,MORISCA,M,0
XVII,1696,MULATA,F,6
XVII,1696,MULATA,M,1
XVII,1696,NEGRA,F,0
XVII,1696,NEGRA,M,0
XVII,1696,SIN_CATEGORÍA,F,1
XVII,1696,SIN_CATEGORÍA,M,1
XVII,1697,CASTIZA,F,0
XVII,1697,CASTIZA,M,0
XVII,1697,ESPAÑOLA,F,5
XVII,1697,ESPAÑOLA,M,7
XVII,1697,INDIA,F,7
XVII,1697,INDIA,M,9
XVII,1697,MESTIZA,F,1
XVII,1697,MESTIZA,M,0
XVII,1697,MORISCA,F,0
XVII,1697,MORISCA,M,0
XVII,1697,MULATA,F,4
XVII,1697,MULATA,M,5
XVII,1697,NEGRA,F,0
XVII,1697,NEGRA,M,0
XVII,1697,SIN_CATEGORÍA,F,0
XVII,1697,SIN_CATEGORÍA,M,1
XVII,1698,CASTIZA,F,0
XVII,1698,CASTIZA,M,0
XVII,1698,ESPAÑOLA,F,8
XVII,1698,ESPAÑOLA,M,9
XVII,1698,INDIA,F,6
XVII,1698,INDIA,M,5
XVII,1698,MESTIZA,F,2
XVII,1698,MESTIZA,M,2
XVII,1698,MORISCA,F,1
XVII,1698,MORISCA,M,0
XVII,1698,MULATA,F,3
XVII,1698,MULATA,M,2
XVII,1698,NEGRA,F,0
XVII,1698,NEGRA,M,0
XVII,1698,SIN_CATEGORÍA,F,0
XVII,1698,SIN_CATEGORÍA,M,0
XVII,1699,CASTIZA,F,0
XVII,1699,CASTIZA,M,0
XVII,1699,ESPAÑOLA,F,8
XVII,1699,ESPAÑOLA,M,10
XVII,1699,INDIA,F,8
XVII,1699,INDIA,M,8
XVII,1699,MESTIZA,F,5
XVII,1699,MESTIZA,M,2
XVII,1699,MORISCA,F,0
XVII,1699,MORISCA,M,0
XVII,1699,MULATA,F,2
XVII,1699,MULATA,M,2
XVII,1699,NEGRA,F,0
XVII,1699,NEGRA,M,0
XVII,1699,SIN_CATEGORÍA,F,0
XVII,1699,SIN_CATEGORÍA,M,0
XVII,1700,CASTIZA,F,1
XVII,1700,CASTIZA,M,0
XVII,1700,ESPAÑOLA,F,7
XVII,1700,ESPAÑOLA,M,13
XVII,1700,INDIA,F,7
XVII,1700,INDIA,M,8
XVII,1700,MESTIZA,F,2
XVII,1700,MESTIZA,M,3
XVII,1700,MORISCA,F,1
XVII,1700,MORISCA,M,0
XVII,1700,MULATA,F,3
XVII,1700,MULATA,M,5
XVII,1700,NEGRA,F,0
XVII,1700,NEGRA,M,0
XVII,1700,SIN_CATEGORÍA,F,0
XVII,1700,SIN_CATEGORÍA,M,0
XVIII,1701,CASTIZA,F,0
XVIII,1701,CASTIZA,M,0
XVIII,1701,ESPAÑOLA,F,7
XVIII,1701,ESPAÑOLA,M,10
XVIII,1701,INDIA,F,7
XVIII,1701,INDIA,M,5
XVIII,1701,MESTIZA,F,3
XVIII,1701,MESTIZA,M,1
XVIII,1701,MORISCA,F,0
XVIII,1701,MORISCA,M,0
XVIII,1701,MULATA,F,2
XVIII,1701,MULATA,M,0
XVIII,1701,NEGRA,F,0
XVIII,1701,NEGRA,M,0
XVIII,1701,SIN_CATEGORÍA,F,0
XVIII,1701,SIN_CATEGORÍA,M,0
XVIII,1702,CASTIZA,F,0
XVIII,1702,CASTIZA,M,0
XVIII,1702,ESPAÑOLA,F,0
XVIII,1702,ESPAÑOLA,M,1
XVIII,1702,INDIA,F,0
XVIII,1702,INDIA,M,2
XVIII,1702,MESTIZA,F,0
XVIII,1702,MESTIZA,M,0
XVIII,1702,MORISCA,F,0
XVIII,1702,MORISCA,M,0
XVIII,1702,MULATA,F,0
XVIII,1702,MULATA,M,0
XVIII,1702,NEGRA,F,0
XVIII,1702,NEGRA,M,0
XVIII,1702,SIN_CATEGORÍA,F,0
XVIII,1702,SIN_CATEGORÍA,M,0
XVIII,1703,CASTIZA,F,0
XVIII,1703,CASTIZA,M,0
XVIII,1703,ESPAÑOLA,F,8
XVIII,1703,ESPAÑOLA,M,8
XVIII,1703,INDIA,F,6
XVIII,1703,INDIA,M,2
XVIII,1703,MESTIZA,F,1
XVIII,1703,MESTIZA,M,2
XVIII,1703,MORISCA,F,1
XVIII,1703,MORISCA,M,3
XVIII,1703,MULATA,F,5
XVIII,1703,MULATA,M,5
XVIII,1703,NEGRA,F,0
XVIII,1703,NEGRA,M,0
XVIII,1703,SIN_CATEGORÍA,F,1
XVIII,1703,SIN_CATEGORÍA,M,0
XVIII,1704,CASTIZA,F,0
XVIII,1704,CASTIZA,M,0
XVIII,1704,ESPAÑOLA,F,4
XVIII,1704,ESPAÑOLA,M,7
XVIII,1704,INDIA,F,4
XVIII,1704,INDIA,M,8
XVIII,1704,MESTIZA,F,0
XVIII,1704,MESTIZA,M,2
XVIII,1704,MORISCA,F,0
XVIII,1704,MORISCA,M,1
XVIII,1704,MULATA,F,2
XVIII,1704,MULATA,M,4
XVIII,1704,NEGRA,F,0
XVIII,1704,NEGRA,M,0
XVIII,1704,SIN_CATEGORÍA,F,2
XVIII,1704,SIN_CATEGORÍA,M,2
XVIII,1705,CASTIZA,F,0
XVIII,1705,CASTIZA,M,0
XVIII,1705,ESPAÑOLA,F,14
XVIII,1705,ESPAÑOLA,M,7
XVIII,1705,INDIA,F,13
XVIII,1705,INDIA,M,9
XVIII,1705,MESTIZA,F,1
XVIII,1705,MESTIZA,M,1
XVIII,1705,MORISCA,F,0
XVIII,1705,MORISCA,M,0
XVIII,1705,MULATA,F,2
XVIII,1705,MULATA,M,4
XVIII,1705,NEGRA,F,0
XVIII,1705,NEGRA,M,0
XVIII,1705,SIN_CATEGORÍA,F,0
XVIII,1705,SIN_CATEGORÍA,M,1
XVIII,1706,CASTIZA,F,0
XVIII,1706,CASTIZA,M,0
XVIII,1706,ESPAÑOLA,F,7
XVIII,1706,ESPAÑOLA,M,10
XVIII,1706,INDIA,F,9
XVIII,1706,INDIA,M,11
XVIII,1706,MESTIZA,F,1
XVIII,1706,MESTIZA,M,3
XVIII,1706,MORISCA,F,0
XVIII,1706,MORISCA,M,0
XVIII,1706,MULATA,F,3
XVIII,1706,MULATA,M,4
XVIII,1706,NEGRA,F,0
XVIII,1706,NEGRA,M,0
XVIII,1706,SIN_CATEGORÍA,F,4
XVIII,1706,SIN_CATEGORÍA,M,2
XVIII,1707,CASTIZA,F,0
XVIII,1707,CASTIZA,M,0
XVIII,1707,ESPAÑOLA,F,11
XVIII,1707,ESPAÑOLA,M,13
XVIII,1707,INDIA,F,17
XVIII,1707,INDIA,M,17
XVIII,1707,MESTIZA,F,4
XVIII,1707,MESTIZA,M,1
XVIII,1707,MORISCA,F,0
XVIII,1707,MORISCA,M,0
XVIII,1707,MULATA,F,9
XVIII,1707,MULATA,M,4
XVIII,1707,NEGRA,F,0
XVIII,1707,NEGRA,M,1
XVIII,1707,SIN_CATEGORÍA,F,0
XVIII,1707,SIN_CATEGORÍA,M,0
XVIII,1708,CASTIZA,F,0
XVIII,1708,CASTIZA,M,0
XVIII,1708,ESPAÑOLA,F,10
XVIII,1708,ESPAÑOLA,M,4
XVIII,1708,INDIA,F,15
XVIII,1708,INDIA,M,19
XVIII,1708,MESTIZA,F,6
XVIII,1708,MESTIZA,M,2
XVIII,1708,MORISCA,F,0
XVIII,1708,MORISCA,M,0
XVIII,1708,MULATA,F,2
XVIII,1708,MULATA,M,3
XVIII,1708,NEGRA,F,1
XVIII,1708,NEGRA,M,1
XVIII,1708,SIN_CATEGORÍA,F,0
XVIII,1708,SIN_CATEGORÍA,M,2
XVIII,1709,CASTIZA,F,0
XVIII,1709,CASTIZA,M,0
XVIII,1709,ESPAÑOLA,F,12
XVIII,1709,ESPAÑOLA,M,13
XVIII,1709,INDIA,F,18
XVIII,1709,INDIA,M,13
XVIII,1709,MESTIZA,F,3
XVIII,1709,MESTIZA,M,1
XVIII,1709,MORISCA,F,0
XVIII,1709,MORISCA,M,1
XVIII,1709,MULATA,F,3
XVIII,1709,MULATA,M,3
XVIII,1709,NEGRA,F,0
XVIII,1709,NEGRA,M,0
XVIII,1709,SIN_CATEGORÍA,F,0
XVIII,1709,SIN_CATEGORÍA,M,0
XVIII,1710,CASTIZA,F,0
XVIII,1710,CASTIZA,M,0
XVIII,1710,ESPAÑOLA,F,7
XVIII,1710,ESPAÑOLA,M,16
XVIII,1710,INDIA,F,7
XVIII,1710,INDIA,M,12
XVIII,1710,MESTIZA,F,2
XVIII,1710,MESTIZA,M,2
XVIII,1710,MORISCA,F,2
XVIII,1710,MORISCA,M,1
XVIII,1710,MULATA,F,2
XVIII,1710,MULATA,M,1
XVIII,1710,NEGRA,F,0
XVIII,1710,NEGRA,M,0
XVIII,1710,SIN_CATEGORÍA,F,0
XVIII,1710,SIN_CATEGORÍA,M,1
XVIII,1711,CASTIZA,F,0
XVIII,1711,CASTIZA,M,0
XVIII,1711,ESPAÑOLA,F,6
XVIII,1711,ESPAÑOLA,M,21
XVIII,1711,INDIA,F,8
XVIII,1711,INDIA,M,13
XVIII,1711,MESTIZA,F,6
XVIII,1711,MESTIZA,M,1
XVIII,1711,MORISCA,F,0
XVIII,1711,MORISCA,M,0
XVIII,1711,MULATA,F,2
XVIII,1711,MULATA,M,4
XVIII,1711,NEGRA,F,0
XVIII,1711,NEGRA,M,0
XVIII,1711,SIN_CATEGORÍA,F,1
XVIII,1711,SIN_CATEGORÍA,M,1
XVIII,1712,CASTIZA,F,0
XVIII,1712,CASTIZA,M,0
XVIII,1712,ESPAÑOLA,F,12
XVIII,1712,ESPAÑOLA,M,11
XVIII,1712,INDIA,F,9
XVIII,1712,INDIA,M,7
XVIII,1712,MESTIZA,F,1
XVIII,1712,MESTIZA,M,1
XVIII,1712,MORISCA,F,0
XVIII,1712,MORISCA,M,2
XVIII,1712,MULATA,F,1
XVIII,1712,MULATA,M,2
XVIII,1712,NEGRA,F,0
XVIII,1712,NEGRA,M,0
XVIII,1712,SIN_CATEGORÍA,F,0
XVIII,1712,SIN_CATEGORÍA,M,0
XVIII,1713,CASTIZA,F,0
XVIII,1713,CASTIZA,M,0
XVIII,1713,ESPAÑOLA,F,10
XVIII,1713,ESPAÑOLA,M,14
XVIII,1713,INDIA,F,4
XVIII,1713,INDIA,M,5
XVIII,1713,MESTIZA,F,1
XVIII,1713,MESTIZA,M,2
XVIII,1713,MORISCA,F,1
XVIII,1713,MORISCA,M,1
XVIII,1713,MULATA,F,5
XVIII,1713,MULATA,M,3
XVIII,1713,NEGRA,F,1
XVIII,1713,NEGRA,M,2
XVIII,1713,SIN_CATEGORÍA,F,0
XVIII,1713,SIN_CATEGORÍA,M,0
XVIII,1714,CASTIZA,F,0
XVIII,1714,CASTIZA,M,0
XVIII,1714,ESPAÑOLA,F,3
XVIII,1714,ESPAÑOLA,M,5
XVIII,1714,INDIA,F,2
XVIII,1714,INDIA,M,3
XVIII,1714,MESTIZA,F,0
XVIII,1714,MESTIZA,M,0
XVIII,1714,MORISCA,F,0
XVIII,1714,MORISCA,M,1
XVIII,1714,MULATA,F,1
XVIII,1714,MULATA,M,4
XVIII,1714,NEGRA,F,0
XVIII,1714,NEGRA,M,0
XVIII,1714,SIN_CATEGORÍA,F,0
XVIII,1714,SIN_CATEGORÍA,M,1
XVIII,1715,CASTIZA,F,0
XVIII,1715,CASTIZA,M,0
XVIII,1715,ESPAÑOLA,F,7
XVIII,1715,ESPAÑOLA,M,7
XVIII,1715,INDIA,F,11
XVIII,1715,INDIA,M,7
XVIII,1715,MESTIZA,F,4
XVIII,1715,MESTIZA,M,5
XVIII,1715,MORISCA,F,3
XVIII,1715,MORISCA,M,0
XVIII,1715,MULATA,F,4
XVIII,1715,MULATA,M,2
XVIII,1715,NEGRA,F,2
XVIII,1715,NEGRA,M,1
XVIII,1715,SIN_CATEGORÍA,F,1
XVIII,1715,SIN_CATEGORÍA,M,8
XVIII,1716,CASTIZA,F,0
XVIII,1716,CASTIZA,M,0
XVIII,1716,ESPAÑOLA,F,9
XVIII,1716,ESPAÑOLA,M,11
XVIII,1716,INDIA,F,15
XVIII,1716,INDIA,M,14
XVIII,1716,MESTIZA,F,3
XVIII,1716,MESTIZA,M,4
XVIII,1716,MORISCA,F,2
XVIII,1716,MORISCA,M,1
XVIII,1716,MULATA,F,2
XVIII,1716,MULATA,M,4
XVIII,1716,NEGRA,F,0
XVIII,1716,NEGRA,M,0
XVIII,1716,SIN_CATEGORÍA,F,4
XVIII,1716,SIN_CATEGORÍA,M,2
XVIII,1717,CASTIZA,F,0
XVIII,1717,CASTIZA,M,0
XVIII,1717,ESPAÑOLA,F,8
XVIII,1717,ESPAÑOLA,M,9
XVIII,1717,INDIA,F,12
XVIII,1717,INDIA,M,12
XVIII,1717,MESTIZA,F,4
XVIII,1717,MESTIZA,M,4
XVIII,1717,MORISCA,F,2
XVIII,1717,MORISCA,M,3
XVIII,1717,MULATA,F,1
XVIII,1717,MULATA,M,2
XVIII,1717,NEGRA,F,0
XVIII,1717,NEGRA,M,0
XVIII,1717,SIN_CATEGORÍA,F,3
XVIII,1717,SIN_CATEGORÍA,M,3
XVIII,1718,CASTIZA,F,0
XVIII,1718,CASTIZA,M,0
XVIII,1718,ESPAÑOLA,F,4
XVIII,1718,ESPAÑOLA,M,11
XVIII,1718,INDIA,F,10
XVIII,1718,INDIA,M,16
XVIII,1718,MESTIZA,F,4
XVIII,1718,MESTIZA,M,3
XVIII,1718,MORISCA,F,1
XVIII,1718,MORISCA,M,1
XVIII,1718,MULATA,F,3
XVIII,1718,MULATA,M,4
XVIII,1718,NEGRA,F,0
XVIII,1718,NEGRA,M,0
XVIII,1718,SIN_CATEGORÍA,F,3
XVIII,1718,SIN_CATEGORÍA,M,6
XVIII,1719,CASTIZA,F,0
XVIII,1719,CASTIZA,M,0
XVIII,1719,ESPAÑOLA,F,5
XVIII,1719,ESPAÑOLA,M,7
XVIII,1719,INDIA,F,6
XVIII,1719,INDIA,M,13
XVIII,1719,MESTIZA,F,0
XVIII,1719,MESTIZA,M,2
XVIII,1719,MORISCA,F,2
XVIII,1719,MORISCA,M,2
XVIII,1719,MULATA,F,3
XVIII,1719,MULATA,M,2
XVIII,1719,NEGRA,F,0
XVIII,1719,NEGRA,M,0
XVIII,1719,SIN_CATEGORÍA,F,2
XVIII,1719,SIN_CATEGORÍA,M,3
XVIII,1720,CASTIZA,F,0
XVIII,1720,CASTIZA,M,0
XVIII,1720,ESPAÑOLA,F,16
XVIII,1720,ESPAÑOLA,M,5
XVIII,1720,INDIA,F,9
XVIII,1720,INDIA,M,7
XVIII,1720,MESTIZA,F,1
XVIII,1720,MESTIZA,M,0
XVIII,1720,MORISCA,F,0
XVIII,1720,MORISCA,M,1
XVIII,1720,MULATA,F,1
XVIII,1720,MULATA,M,2
XVIII,1720,NEGRA,F,0
XVIII,1720,NEGRA,M,0
XVIII,1720,SIN_CATEGORÍA,F,6
XVIII,1720,SIN_CATEGORÍA,M,2
XVIII,1721,CASTIZA,F,0
XVIII,1721,CASTIZA,M,0
XVIII,1721,ESPAÑOLA,F,5
XVIII,1721,ESPAÑOLA,M,9
XVIII,1721,INDIA,F,4
XVIII,1721,INDIA,M,7
XVIII,1721,MESTIZA,F,1
XVIII,1721,MESTIZA,M,1
XVIII,1721,MORISCA,F,1
XVIII,1721,MORISCA,M,1
XVIII,1721,MULATA,F,3
XVIII,1721,MULATA,M,2
XVIII,1721,NEGRA,F,0
XVIII,1721,NEGRA,M,0
XVIII,1721,SIN_CATEGORÍA,F,1
XVIII,1721,SIN_CATEGORÍA,M,1
XVIII,1722,CASTIZA,F,0
XVIII,1722,CASTIZA,M,0
XVIII,1722,ESPAÑOLA,F,9
XVIII,1722,ESPAÑOLA,M,13
XVIII,1722,INDIA,F,5
XVIII,1722,INDIA,M,5
XVIII,1722,MESTIZA,F,0
XVIII,1722,MESTIZA,M,1
XVIII,1722,MORISCA,F,2
XVIII,1722,MORISCA,M,0
XVIII,1722,MULATA,F,0
XVIII,1722,MULATA,M,1
XVIII,1722,NEGRA,F,0
XVIII,1722,NEGRA,M,0
XVIII,1722,SIN_CATEGORÍA,F,1
XVIII,1722,SIN_CATEGORÍA,M,0
XVIII,1723,CASTIZA,F,0
XVIII,1723,CASTIZA,M,0
XVIII,1723,ESPAÑOLA,F,5
XVIII,1723,ESPAÑOLA,M,13
XVIII,1723,INDIA,F,15
XVIII,1723,INDIA,M,14
XVIII,1723,MESTIZA,F,0
XVIII,1723,MESTIZA,M,2
XVIII,1723,MORISCA,F,1
XVIII,1723,MORISCA,M,0
XVIII,1723,MULATA,F,1
XVIII,1723,MULATA,M,0
XVIII,1723,NEGRA,F,0
XVIII,1723,NEGRA,M,0
XVIII,1723,SIN_CATEGORÍA,F,2
XVIII,1723,SIN_CATEGORÍA,M,0
XVIII,1724,CASTIZA,F,0
XVIII,1724,CASTIZA,M,0
XVIII,1724,ESPAÑOLA,F,12
XVIII,1724,ESPAÑOLA,M,13
XVIII,1724,INDIA,F,13
XVIII,1724,INDIA,M,23
XVIII,1724,MESTIZA,F,0
XVIII,1724,MESTIZA,M,3
XVIII,1724,MORISCA,F,1
XVIII,1724,MORISCA,M,0
XVIII,1724,MULATA,F,1
XVIII,1724,MULATA,M,0
XVIII,1724,NEGRA,F,0
XVIII,1724,NEGRA,M,0
XVIII,1724,SIN_CATEGORÍA,F,9
XVIII,1724,SIN_CATEGORÍA,M,8
XVIII,1725,CASTIZA,F,0
XVIII,1725,CASTIZA,M,0
XVIII,1725,ESPAÑOLA,F,6
XVIII,1725,ESPAÑOLA,M,7
XVIII,1725,INDIA,F,8
XVIII,1725,INDIA,M,10
XVIII,1725,MESTIZA,F,2
XVIII,1725,MESTIZA,M,0
XVIII,1725,MORISCA,F,0
XVIII,1725,MORISCA,M,0
XVIII,1725,MULATA,F,0
XVIII,1725,MULATA,M,1
XVIII,1725,NEGRA,F,0
XVIII,1725,NEGRA,M,0
XVIII,1725,SIN_CATEGORÍA,F,8
XVIII,1725,SIN_CATEGORÍA,M,4
XVIII,1726,CASTIZA,F,0
XVIII,1726,CASTIZA,M,0
XVIII,1726,ESPAÑOLA,F,8
XVIII,1726,ESPAÑOLA,M,14
XVIII,1726,INDIA,F,25
XVIII,1726,INDIA,M,23
XVIII,1726,MESTIZA,F,0
XVIII,1726,MESTIZA,M,7
XVIII,1726,MORISCA,F,3
XVIII,1726,MORISCA,M,2
XVIII,1726,MULATA,F,0
XVIII,1726,MULATA,M,1
XVIII,1726,NEGRA,F,0
XVIII,1726,NEGRA,M,0
XVIII,1726,SIN_CATEGORÍA,F,9
XVIII,1726,SIN_CATEGORÍA,M,9
XVIII,1727,CASTIZA,F,0
XVIII,1727,CASTIZA,M,0
XVIII,1727,ESPAÑOLA,F,13
XVIII,1727,ESPAÑOLA,M,10
XVIII,1727,INDIA,F,8
XVIII,1727,INDIA,M,27
XVIII,1727,MESTIZA,F,5
XVIII,1727,MESTIZA,M,1
XVIII,1727,MORISCA,F,1
XVIII,1727,MORISCA,M,1
XVIII,1727,MULATA,F,1
XVIII,1727,MULATA,M,3
XVIII,1727,NEGRA,F,0
XVIII,1727,NEGRA,M,0
XVIII,1727,SIN_CATEGORÍA,F,6
XVIII,1727,SIN_CATEGORÍA,M,9
XVIII,1728,CASTIZA,F,0
XVIII,1728,CASTIZA,M,0
XVIII,1728,ESPAÑOLA,F,29
XVIII,1728,ESPAÑOLA,M,28
XVIII,1728,INDIA,F,41
XVIII,1728,INDIA,M,31
XVIII,1728,MESTIZA,F,5
XVIII,1728,MESTIZA,M,4
XVIII,1728,MORISCA,F,3
XVIII,1728,MORISCA,M,2
XVIII,1728,MULATA,F,4
XVIII,1728,MULATA,M,3
XVIII,1728,NEGRA,F,0
XVIII,1728,NEGRA,M,0
XVIII,1728,SIN_CATEGORÍA,F,20
XVIII,1728,SIN_CATEGORÍA,M,25
XVIII,1729,CASTIZA,F,0
XVIII,1729,CASTIZA,M,0
XVIII,1729,ESPAÑOLA,F,33
XVIII,1729,ESPAÑOLA,M,40
XVIII,1729,INDIA,F,54
XVIII,1729,INDIA,M,62
XVIII,1729,MESTIZA,F,2
XVIII,1729,MESTIZA,M,4
XVIII,1729,MORISCA,F,5
XVIII,1729,MORISCA,M,4
XVIII,1729,MULATA,F,17
XVIII,1729,MULATA,M,14
XVIII,1729,NEGRA,F,0
XVIII,1729,NEGRA,M,1
XVIII,1729,SIN_CATEGORÍA,F,16
XVIII,1729,SIN_CATEGORÍA,M,10
XVIII,1730,CASTIZA,F,0
XVIII,1730,CASTIZA,M,0
XVIII,1730,ESPAÑOLA,F,19
XVIII,1730,ESPAÑOLA,M,29
XVIII,1730,INDIA,F,35
XVIII,1730,INDIA,M,41
XVIII,1730,MESTIZA,F,2
XVIII,1730,MESTIZA,M,6
XVIII,1730,MORISCA,F,1
XVIII,1730,MORISCA,M,4
XVIII,1730,MULATA,F,8
XVIII,1730,MULATA,M,10
XVIII,1730,NEGRA,F,0
XVIII,1730,NEGRA,M,1
XVIII,1730,SIN_CATEGORÍA,F,6
XVIII,1730,SIN_CATEGORÍA,M,4
XVIII,1731,CASTIZA,F,0
XVIII,1731,CASTIZA,M,0
XVIII,1731,ESPAÑOLA,F,30
XVIII,1731,ESPAÑOLA,M,28
XVIII,1731,INDIA,F,36
XVIII,1731,INDIA,M,49
XVIII,1731,MESTIZA,F,8
XVIII,1731,MESTIZA,M,8
XVIII,1731,MORISCA,F,5
XVIII,1731,MORISCA,M,6
XVIII,1731,MULATA,F,15
XVIII,1731,MULATA,M,9
XVIII,1731,NEGRA,F,0
XVIII,1731,NEGRA,M,1
XVIII,1731,SIN_CATEGORÍA,F,2
XVIII,1731,SIN_CATEGORÍA,M,5
XVIII,1732,CASTIZA,F,0
XVIII,1732,CASTIZA,M,0
XVIII,1732,ESPAÑOLA,F,52
XVIII,1732,ESPAÑOLA,M,51
XVIII,1732,INDIA,F,85
XVIII,1732,INDIA,M,58
XVIII,1732,MESTIZA,F,10
XVIII,1732,MESTIZA,M,17
XVIII,1732,MORISCA,F,7
XVIII,1732,MORISCA,M,4
XVIII,1732,MULATA,F,33
XVIII,1732,MULATA,M,30
XVIII,1732,NEGRA,F,0
XVIII,1732,NEGRA,M,0
XVIII,1732,SIN_CATEGORÍA,F,2
XVIII,1732,SIN_CATEGORÍA,M,6
XVIII,1733,CASTIZA,F,0
XVIII,1733,CASTIZA,M,2
XVIII,1733,ESPAÑOLA,F,28
XVIII,1733,ESPAÑOLA,M,32
XVIII,1733,INDIA,F,72
XVIII,1733,INDIA,M,64
XVIII,1733,MESTIZA,F,9
XVIII,1733,MESTIZA,M,10
XVIII,1733,MORISCA,F,6
XVIII,1733,MORISCA,M,1
XVIII,1733,MULATA,F,28
XVIII,1733,MULATA,M,32
XVIII,1733,NEGRA,F,0
XVIII,1733,NEGRA,M,1
XVIII,1733,SIN_CATEGORÍA,F,2
XVIII,1733,SIN_CATEGORÍA,M,2
XVIII,1734,CASTIZA,F,0
XVIII,1734,CASTIZA,M,0
XVIII,1734,ESPAÑOLA,F,54
XVIII,1734,ESPAÑOLA,M,49
XVIII,1734,INDIA,F,76
XVIII,1734,INDIA,M,83
XVIII,1734,MESTIZA,F,8
XVIII,1734,MESTIZA,M,8
XVIII,1734,MORISCA,F,3
XVIII,1734,MORISCA,M,2
XVIII,1734,MULATA,F,33
XVIII,1734,MULATA,M,29
XVIII,1734,NEGRA,F,1
XVIII,1734,NEGRA,M,1
XVIII,1734,SIN_CATEGORÍA,F,1
XVIII,1734,SIN_CATEGORÍA,M,4
XVIII,1735,CASTIZA,F,0
XVIII,1735,CASTIZA,M,0
XVIII,1735,ESPAÑOLA,F,45
XVIII,1735,ESPAÑOLA,M,48
XVIII,1735,INDIA,F,103
XVIII,1735,INDIA,M,85
XVIII,1735,MESTIZA,F,12
XVIII,1735,MESTIZA,M,15
XVIII,1735,MORISCA,F,6
XVIII,1735,MORISCA,M,5
XVIII,1735,MULATA,F,57
XVIII,1735,MULATA,M,47
XVIII,1735,NEGRA,F,0
XVIII,1735,NEGRA,M,0
XVIII,1735,SIN_CATEGORÍA,F,0
XVIII,1735,SIN_CATEGORÍA,M,4
XVIII,1736,CASTIZA,F,0
XVIII,1736,CASTIZA,M,0
XVIII,1736,ESPAÑOLA,F,24
XVIII,1736,ESPAÑOLA,M,53
XVIII,1736,INDIA,F,60
XVIII,1736,INDIA,M,57
XVIII,1736,MESTIZA,F,11
XVIII,1736,MESTIZA,M,6
XVIII,1736,MORISCA,F,9
XVIII,1736,MORISCA,M,7
XVIII,1736,MULATA,F,18
XVIII,1736,MULATA,M,22
XVIII,1736,NEGRA,F,1
XVIII,1736,NEGRA,M,0
XVIII,1736,SIN_CATEGORÍA,F,2
XVIII,1736,SIN_CATEGORÍA,M,0
XVIII,1737,CASTIZA,F,0
XVIII,1737,CASTIZA,M,0
XVIII,1737,ESPAÑOLA,F,63
XVIII,1737,ESPAÑOLA,M,54
XVIII,1737,INDIA,F,116
XVIII,1737,INDIA,M,89
XVIII,1737,MESTIZA,F,14
XVIII,1737,MESTIZA,M,19
XVIII,1737,MORISCA,F,4
XVIII,1737,MORISCA,M,0
XVIII,1737,MULATA,F,40
XVIII,1737,MULATA,M,38
XVIII,1737,NEGRA,F,0
XVIII,1737,NEGRA,M,0
XVIII,1737,SIN_CATEGORÍA,F,0
XVIII,1737,SIN_CATEGORÍA,M,4
XVIII,1738,CASTIZA,F,2
XVIII,1738,CASTIZA,M,0
XVIII,1738,ESPAÑOLA,F,87
XVIII,1738,ESPAÑOLA,M,47
XVIII,1738,INDIA,F,416
XVIII,1738,INDIA,M,421
XVIII,1738,MESTIZA,F,22
XVIII,1738,MESTIZA,M,29
XVIII,1738,MORISCA,F,18
XVIII,1738,MORISCA,M,12
XVIII,1738,MULATA,F,83
XVIII,1738,MULATA,M,85
XVIII,1738,NEGRA,F,4
XVIII,1738,NEGRA,M,7
XVIII,1738,SIN_CATEGORÍA,F,9
XVIII,1738,SIN_CATEGORÍA,M,14
XVIII,1739,CASTIZA,F,0
XVIII,1739,CASTIZA,M,0
XVIII,1739,ESPAÑOLA,F,51
XVIII,1739,ESPAÑOLA,M,35
XVIII,1739,INDIA,F,58
XVIII,1739,INDIA,M,49
XVIII,1739,MESTIZA,F,7
XVIII,1739,MESTIZA,M,7
XVIII,1739,MORISCA,F,6
XVIII,1739,MORISCA,M,0
XVIII,1739,MULATA,F,28
XVIII,1739,MULATA,M,16
XVIII,1739,NEGRA,F,0
XVIII,1739,NEGRA,M,0
XVIII,1739,SIN_CATEGORÍA,F,0
XVIII,1739,SIN_CATEGORÍA,M,2
XVIII,1740,CASTIZA,F,0
XVIII,1740,CASTIZA,M,0
XVIII,1740,ESPAÑOLA,F,33
XVIII,1740,ESPAÑOLA,M,35
XVIII,1740,INDIA,F,34
XVIII,1740,INDIA,M,25
XVIII,1740,MESTIZA,F,9
XVIII,1740,MESTIZA,M,8
XVIII,1740,MORISCA,F,2
XVIII,1740,MORISCA,M,2
XVIII,1740,MULATA,F,10
XVIII,1740,MULATA,M,18
XVIII,1740,NEGRA,F,0
XVIII,1740,NEGRA,M,0
XVIII,1740,SIN_CATEGORÍA,F,0
XVIII,1740,SIN_CATEGORÍA,M,0
XVIII,1741,CASTIZA,F,0
XVIII,1741,CASTIZA,M,0
XVIII,1741,ESPAÑOLA,F,49
XVIII,1741,ESPAÑOLA,M,39
XVIII,1741,INDIA,F,40
XVIII,1741,INDIA,M,37
XVIII,1741,MESTIZA,F,12
XVIII,1741,MESTIZA,M,8
XVIII,1741,MORISCA,F,5
XVIII,1741,MORISCA,M,3
XVIII,1741,MULATA,F,21
XVIII,1741,MULATA,M,23
XVIII,1741,NEGRA,F,0
XVIII,1741,NEGRA,M,1
XVIII,1741,SIN_CATEGORÍA,F,0
XVIII,1741,SIN_CATEGORÍA,M,2
XVIII,1742,CASTIZA,F,0
XVIII,1742,CASTIZA,M,0
XVIII,1742,ESPAÑOLA,F,58
XVIII,1742,ESPAÑOLA,M,54
XVIII,1742,INDIA,F,34
XVIII,1742,INDIA,M,46
XVIII,1742,MESTIZA,F,8
XVIII,1742,MESTIZA,M,9
XVIII,1742,MORISCA,F,2
XVIII,1742,MORISCA,M,6
XVIII,1742,MULATA,F,18
XVIII,1742,MULATA,M,13
XVIII,1742,NEGRA,F,0
XVIII,1742,NEGRA,M,0
XVIII,1742,SIN_CATEGORÍA,F,0
XVIII,1742,SIN_CATEGORÍA,M,1
XVIII,1743,CASTIZA,F,0
XVIII,1743,CASTIZA,M,0
XVIII,1743,ESPAÑOLA,F,44
XVIII,1743,ESPAÑOLA,M,43
XVIII,1743,INDIA,F,51
XVIII,1743,INDIA,M,51
XVIII,1743,MESTIZA,F,9
XVIII,1743,MESTIZA,M,7
XVIII,1743,MORISCA,F,5
XVIII,1743,MORISCA,M,5
XVIII,1743,MULATA,F,16
XVIII,1743,MULATA,M,11
XVIII,1743,NEGRA,F,0
XVIII,1743,NEGRA,M,0
XVIII,1743,SIN_CATEGORÍA,F,1
XVIII,1743,SIN_CATEGORÍA,M,1
XVIII,1744,CASTIZA,F,0
XVIII,1744,CASTIZA,M,0
XVIII,1744,ESPAÑOLA,F,36
XVIII,1744,ESPAÑOLA,M,45
XVIII,1744,INDIA,F,47
XVIII,1744,INDIA,M,31
XVIII,1744,MESTIZA,F,7
XVIII,1744,MESTIZA,M,9
XVIII,1744,MORISCA,F,1
XVIII,1744,MORISCA,M,4
XVIII,1744,MULATA,F,20
XVIII,1744,MULATA,M,13
XVIII,1744,NEGRA,F,0
XVIII,1744,NEGRA,M,0
XVIII,1744,SIN_CATEGORÍA,F,2
XVIII,1744,SIN_CATEGORÍA,M,1
XVIII,1745,CASTIZA,F,0
XVIII,1745,CASTIZA,M,0
XVIII,1745,ESPAÑOLA,F,42
XVIII,1745,ESPAÑOLA,M,42
XVIII,1745,INDIA,F,59
XVIII,1745,INDIA,M,54
XVIII,1745,MESTIZA,F,4
XVIII,1745,MESTIZA,M,8
XVIII,1745,MORISCA,F,5
XVIII,1745,MORISCA,M,3
XVIII,1745,MULATA,F,12
XVIII,1745,MULATA,M,14
XVIII,1745,NEGRA,F,0
XVIII,1745,NEGRA,M,0
XVIII,1745,SIN_CATEGORÍA,F,2
XVIII,1745,SIN_CATEGORÍA,M,0
XVIII,1746,CASTIZA,F,0
XVIII,1746,CASTIZA,M,0
XVIII,1746,ESPAÑOLA,F,67
XVIII,1746,ESPAÑOLA,M,54
XVIII,1746,INDIA,F,61
XVIII,1746,INDIA,M,47
XVIII,1746,MESTIZA,F,4
XVIII,1746,MESTIZA,M,10
XVIII,1746,MORISCA,F,9
XVIII,1746,MORISCA,M,7
XVIII,1746,MULATA,F,16
XVIII,1746,MULATA,M,18
XVIII,1746,NEGRA,F,0
XVIII,1746,NEGRA,M,0
XVIII,1746,SIN_CATEGORÍA,F,2
XVIII,1746,SIN_CATEGORÍA,M,2
XVIII,1747,CASTIZA,F,0
XVIII,1747,CASTIZA,M,0
XVIII,1747,ESPAÑOLA,F,60
XVIII,1747,ESPAÑOLA,M,63
XVIII,1747,INDIA,F,74
XVIII,1747,INDIA,M,66
XVIII,1747,MESTIZA,F,24
XVIII,1747,MESTIZA,M,15
XVIII,1747,MORISCA,F,7
XVIII,1747,MORISCA,M,6
XVIII,1747,MULATA,F,30
XVIII,1747,MULATA,M,26
XVIII,1747,NEGRA,F,1
XVIII,1747,NEGRA,M,1
XVIII,1747,SIN_CATEGORÍA,F,2
XVIII,1747,SIN_CATEGORÍA,M,2
XVIII,1748,CASTIZA,F,0
XVIII,1748,CASTIZA,M,0
XVIII,1748,ESPAÑOLA,F,91
XVIII,1748,ESPAÑOLA,M,68
XVIII,1748,INDIA,F,96
XVIII,1748,INDIA,M,108
XVIII,1748,MESTIZA,F,17
XVIII,1748,MESTIZA,M,26
XVIII,1748,MORISCA,F,12
XVIII,1748,MORISCA,M,4
XVIII,1748,MULATA,F,24
XVIII,1748,MULATA,M,33
XVIII,1748,NEGRA,F,0
XVIII,1748,NEGRA,M,0
XVIII,1748,SIN_CATEGORÍA,F,1
XVIII,1748,SIN_CATEGORÍA,M,5
XVIII,1749,CASTIZA,F,0
XVIII,1749,CASTIZA,M,0
XVIII,1749,ESPAÑOLA,F,57
XVIII,1749,ESPAÑOLA,M,56
XVIII,1749,INDIA,F,61
XVIII,1749,INDIA,M,60
XVIII,1749,MESTIZA,F,10
XVIII,1749,MESTIZA,M,14
XVIII,1749,MORISCA,F,8
XVIII,1749,MORISCA,M,9
XVIII,1749,MULATA,F,15
XVIII,1749,MULATA,M,18
XVIII,1749,NEGRA,F,0
XVIII,1749,NEGRA,M,0
XVIII,1749,SIN_CATEGORÍA,F,0
XVIII,1749,SIN_CATEGORÍA,M,5
XVIII,1750,CASTIZA,F,0
XVIII,1750,CASTIZA,M,0
XVIII,1750,ESPAÑOLA,F,69
XVIII,1750,ESPAÑOLA,M,68
XVIII,1750,INDIA,F,68
XVIII,1750,INDIA,M,70
XVIII,1750,MESTIZA,F,10
XVIII,1750,MESTIZA,M,10
XVIII,1750,MORISCA,F,11
XVIII,1750,MORISCA,M,6
XVIII,1750,MULATA,F,20
XVIII,1750,MULATA,M,18
XVIII,1750,NEGRA,F,0
XVIII,1750,NEGRA,M,1
XVIII,1750,SIN_CATEGORÍA,F,3
XVIII,1750,SIN_CATEGORÍA,M,6
XVIII,1751,CASTIZA,F,0
XVIII,1751,CASTIZA,M,1
XVIII,1751,ESPAÑOLA,F,61
XVIII,1751,ESPAÑOLA,M,65
XVIII,1751,INDIA,F,56
XVIII,1751,INDIA,M,56
XVIII,1751,MESTIZA,F,13
XVIII,1751,MESTIZA,M,10
XVIII,1751,MORISCA,F,11
XVIII,1751,MORISCA,M,9
XVIII,1751,MULATA,F,16
XVIII,1751,MULATA,M,22
XVIII,1751,NEGRA,F,0
XVIII,1751,NEGRA,M,1
XVIII,1751,SIN_CATEGORÍA,F,3
XVIII,1751,SIN_CATEGORÍA,M,5
XVIII,1752,CASTIZA,F,0
XVIII,1752,CASTIZA,M,0
XVIII,1752,ESPAÑOLA,F,38
XVIII,1752,ESPAÑOLA,M,47
XVIII,1752,INDIA,F,48
XVIII,1752,INDIA,M,39
XVIII,1752,MESTIZA,F,4
XVIII,1752,MESTIZA,M,6
XVIII,1752,MORISCA,F,12
XVIII,1752,MORISCA,M,7
XVIII,1752,MULATA,F,15
XVIII,1752,MULATA,M,15
XVIII,1752,NEGRA,F,0
XVIII,1752,NEGRA,M,0
XVIII,1752,SIN_CATEGORÍA,F,0
XVIII,1752,SIN_CATEGORÍA,M,0
XVIII,1753,CASTIZA,F,0
XVIII,1753,CASTIZA,M,0
XVIII,1753,ESPAÑOLA,F,43
XVIII,1753,ESPAÑOLA,M,29
XVIII,1753,INDIA,F,40
XVIII,1753,INDIA,M,35
XVIII,1753,MESTIZA,F,12
XVIII,1753,MESTIZA,M,2
XVIII,1753,MORISCA,F,7
XVIII,1753,MORISCA,M,9
XVIII,1753,MULATA,F,15
XVIII,1753,MULATA,M,11
XVIII,1753,NEGRA,F,0
XVIII,1753,NEGRA,M,0
XVIII,1753,SIN_CATEGORÍA,F,0
XVIII,1753,SIN_CATEGORÍA,M,1
XVIII,1754,CASTIZA,F,1
XVIII,1754,CASTIZA,M,0
XVIII,1754,ESPAÑOLA,F,36
XVIII,1754,ESPAÑOLA,M,27
XVIII,1754,INDIA,F,36
XVIII,1754,INDIA,M,33
XVIII,1754,MESTIZA,F,10
XVIII,1754,MESTIZA,M,3
XVIII,1754,MORISCA,F,2
XVIII,1754,MORISCA,M,6
XVIII,1754,MULATA,F,10
XVIII,1754,MULATA,M,8
XVIII,1754,NEGRA,F,0
XVIII,1754,NEGRA,M,0
XVIII,1754,SIN_CATEGORÍA,F,0
XVIII,1754,SIN_CATEGORÍA,M,0
XVIII,1755,CASTIZA,F,0
XVIII,1755,CASTIZA,M,0
XVIII,1755,ESPAÑOLA,F,36
XVIII,1755,ESPAÑOLA,M,28
XVIII,1755,INDIA,F,35
XVIII,1755,INDIA,M,33
XVIII,1755,MESTIZA,F,9
XVIII,1755,MESTIZA,M,4
XVIII,1755,MORISCA,F,5
XVIII,1755,MORISCA,M,4
XVIII,1755,MULATA,F,18
XVIII,1755,MULATA,M,11
XVIII,1755,NEGRA,F,0
XVIII,1755,NEGRA,M,0
XVIII,1755,SIN_CATEGORÍA,F,0
XVIII,1755,SIN_CATEGORÍA,M,0
XVIII,1756,CASTIZA,F,0
XVIII,1756,CASTIZA,M,1
XVIII,1756,ESPAÑOLA,F,53
XVIII,1756,ESPAÑOLA,M,35
XVIII,1756,INDIA,F,35
XVIII,1756,INDIA,M,43
XVIII,1756,MESTIZA,F,8
XVIII,1756,MESTIZA,M,10
XVIII,1756,MORISCA,F,7
XVIII,1756,MORISCA,M,7
XVIII,1756,MULATA,F,25
XVIII,1756,MULATA,M,15
XVIII,1756,NEGRA,F,1
XVIII,1756,NEGRA,M,2
XVIII,1756,SIN_CATEGORÍA,F,1
XVIII,1756,SIN_CATEGORÍA,M,0
XVIII,1757,CASTIZA,F,0
XVIII,1757,CASTIZA,M,0
XVIII,1757,ESPAÑOLA,F,61
XVIII,1757,ESPAÑOLA,M,43
XVIII,1757,INDIA,F,32
XVIII,1757,INDIA,M,31
XVIII,1757,MESTIZA,F,8
XVIII,1757,MESTIZA,M,7
XVIII,1757,MORISCA,F,15
XVIII,1757,MORISCA,M,9
XVIII,1757,MULATA,F,19
XVIII,1757,MULATA,M,18
XVIII,1757,NEGRA,F,1
XVIII,1757,NEGRA,M,1
XVIII,1757,SIN_CATEGORÍA,F,1
XVIII,1757,SIN_CATEGORÍA,M,0
XVIII,1758,CASTIZA,F,0
XVIII,1758,CASTIZA,M,0
XVIII,1758,ESPAÑOLA,F,45
XVIII,1758,ESPAÑOLA,M,30
XVIII,1758,INDIA,F,44
XVIII,1758,INDIA,M,44
XVIII,1758,MESTIZA,F,11
XVIII,1758,MESTIZA,M,11
XVIII,1758,MORISCA,F,10
XVIII,1758,MORISCA,M,10
XVIII,1758,MULATA,F,21
XVIII,1758,MULATA,M,21
XVIII,1758,NEGRA,F,0
XVIII,1758,NEGRA,M,0
XVIII,1758,SIN_CATEGORÍA,F,0
XVIII,1758,SIN_CATEGORÍA,M,0
XVIII,1759,CASTIZA,F,0
XVIII,1759,CASTIZA,M,0
XVIII,1759,ESPAÑOLA,F,49
XVIII,1759,ESPAÑOLA,M,35
XVIII,1759,INDIA,F,39
XVIII,1759,INDIA,M,26
XVIII,1759,MESTIZA,F,6
XVIII,1759,MESTIZA,M,4
XVIII,1759,MORISCA,F,8
XVIII,1759,MORISCA,M,6
XVIII,1759,MULATA,F,30
XVIII,1759,MULATA,M,16
XVIII,1759,NEGRA,F,1
XVIII,1759,NEGRA,M,0
XVIII,1759,SIN_CATEGORÍA,F,0
XVIII,1759,SIN_CATEGORÍA,M,0
XVIII,1760,CASTIZA,F,0
XVIII,1760,CASTIZA,M,0
XVIII,1760,ESPAÑOLA,F,53
XVIII,1760,ESPAÑOLA,M,47
XVIII,1760,INDIA,F,40
XVIII,1760,INDIA,M,26
XVIII,1760,MESTIZA,F,9
XVIII,1760,MESTIZA,M,9
XVIII,1760,MORISCA,F,1
XVIII,1760,MORISCA,M,6
XVIII,1760,MULATA,F,19
XVIII,1760,MULATA,M,19
XVIII,1760,NEGRA,F,0
XVIII,1760,NEGRA,M,1
XVIII,1760,SIN_CATEGORÍA,F,0
XVIII,1760,SIN_CATEGORÍA,M,1
XVIII,1761,CASTIZA,F,1
XVIII,1761,CASTIZA,M,0
XVIII,1761,ESPAÑOLA,F,45
XVIII,1761,ESPAÑOLA,M,59
XVIII,1761,INDIA,F,62
XVIII,1761,INDIA,M,62
XVIII,1761,MESTIZA,F,14
XVIII,1761,MESTIZA,M,11
XVIII,1761,MORISCA,F,7
XVIII,1761,MORISCA,M,9
XVIII,1761,MULATA,F,15
XVIII,1761,MULATA,M,32
XVIII,1761,NEGRA,F,0
XVIII,1761,NEGRA,M,0
XVIII,1761,SIN_CATEGORÍA,F,0
XVIII,1761,SIN_CATEGORÍA,M,0
XVIII,1762,CASTIZA,F,3
XVIII,1762,CASTIZA,M,6
XVIII,1762,ESPAÑOLA,F,93
XVIII,1762,ESPAÑOLA,M,101
XVIII,1762,INDIA,F,151
XVIII,1762,INDIA,M,145
XVIII,1762,MESTIZA,F,30
XVIII,1762,MESTIZA,M,26
XVIII,1762,MORISCA,F,29
XVIII,1762,MORISCA,M,32
XVIII,1762,MULATA,F,61
XVIII,1762,MULATA,M,42
XVIII,1762,NEGRA,F,0
XVIII,1762,NEGRA,M,1
XVIII,1762,SIN_CATEGORÍA,F,1
XVIII,1762,SIN_CATEGORÍA,M,0
XVIII,1763,CASTIZA,F,15
XVIII,1763,CASTIZA,M,10
XVIII,1763,ESPAÑOLA,F,123
XVIII,1763,ESPAÑOLA,M,95
XVIII,1763,INDIA,F,222
XVIII,1763,INDIA,M,241
XVIII,1763,MESTIZA,F,31
XVIII,1763,MESTIZA,M,18
XVIII,1763,MORISCA,F,38
XVIII,1763,MORISCA,M,36
XVIII,1763,MULATA,F,70
XVIII,1763,MULATA,M,58
XVIII,1763,NEGRA,F,0
XVIII,1763,NEGRA,M,0
XVIII,1763,SIN_CATEGORÍA,F,2
XVIII,1763,SIN_CATEGORÍA,M,1
XVIII,1764,CASTIZA,F,3
XVIII,1764,CASTIZA,M,4
XVIII,1764,ESPAÑOLA,F,94
XVIII,1764,ESPAÑOLA,M,44
XVIII,1764,INDIA,F,30
XVIII,1764,INDIA,M,28
XVIII,1764,MESTIZA,F,19
XVIII,1764,MESTIZA,M,11
XVIII,1764,MORISCA,F,11
XVIII,1764,MORISCA,M,11
XVIII,1764,MULATA,F,20
XVIII,1764,MULATA,M,20
XVIII,1764,NEGRA,F,0
XVIII,1764,NEGRA,M,2
XVIII,1764,SIN_CATEGORÍA,F,0
XVIII,1764,SIN_CATEGORÍA,M,0
XVIII,1765,CASTIZA,F,2
XVIII,1765,CASTIZA,M,1
XVIII,1765,ESPAÑOLA,F,48
XVIII,1765,ESPAÑOLA,M,73
XVIII,1765,INDIA,F,22
XVIII,1765,INDIA,M,38
XVIII,1765,MESTIZA,F,17
XVIII,1765,MESTIZA,M,14
XVIII,1765,MORISCA,F,16
XVIII,1765,MORISCA,M,19
XVIII,1765,MULATA,F,20
XVIII,1765,MULATA,M,29
XVIII,1765,NEGRA,F,0
XVIII,1765,NEGRA,M,0
XVIII,1765,SIN_CATEGORÍA,F,0
XVIII,1765,SIN_CATEGORÍA,M,1
XVIII,1766,CASTIZA,F,1
XVIII,1766,CASTIZA,M,1
XVIII,1766,ESPAÑOLA,F,57
XVIII,1766,ESPAÑOLA,M,55
XVIII,1766,INDIA,F,31
XVIII,1766,INDIA,M,20
XVIII,1766,MESTIZA,F,8
XVIII,1766,MESTIZA,M,18
XVIII,1766,MORISCA,F,15
XVIII,1766,MORISCA,M,12
XVIII,1766,MULATA,F,15
XVIII,1766,MULATA,M,19
XVIII,1766,NEGRA,F,0
XVIII,1766,NEGRA,M,0
XVIII,1766,SIN_CATEGORÍA,F,0
XVIII,1766,SIN_CATEGORÍA,M,1
XVIII,1767,CASTIZA,F,4
XVIII,1767,CASTIZA,M,3
XVIII,1767,ESPAÑOLA,F,58
XVIII,1767,ESPAÑOLA,M,52
XVIII,1767,INDIA,F,37
XVIII,1767,INDIA,M,26
XVIII,1767,MESTIZA,F,11
XVIII,1767,MESTIZA,M,13
XVIII,1767,MORISCA,F,19
XVIII,1767,MORISCA,M,9
XVIII,1767,MULATA,F,27
XVIII,1767,MULATA,M,19
XVIII,1767,NEGRA,F,0
XVIII,1767,NEGRA,M,0
XVIII,1767,SIN_CATEGORÍA,F,0
XVIII,1767,SIN_CATEGORÍA,M,0
XVIII,1768,CASTIZA,F,6
XVIII,1768,CASTIZA,M,7
XVIII,1768,ESPAÑOLA,F,97
XVIII,1768,ESPAÑOLA,M,78
XVIII,1768,INDIA,F,115
XVIII,1768,INDIA,M,121
XVIII,1768,MESTIZA,F,8
XVIII,1768,MESTIZA,M,14
XVIII,1768,MORISCA,F,29
XVIII,1768,MORISCA,M,24
XVIII,1768,MULATA,F,49
XVIII,1768,MULATA,M,36
XVIII,1768,NEGRA,F,9
XVIII,1768,NEGRA,M,10
XVIII,1768,SIN_CATEGORÍA,F,2
XVIII,1768,SIN_CATEGORÍA,M,0
XVIII,1769,CASTIZA,F,0
XVIII,1769,CASTIZA,M,1
XVIII,1769,ESPAÑOLA,F,88
XVIII,1769,ESPAÑOLA,M,77
XVIII,1769,INDIA,F,58
XVIII,1769,INDIA,M,68
XVIII,1769,MESTIZA,F,17
XVIII,1769,MESTIZA,M,11
XVIII,1769,MORISCA,F,36
XVIII,1769,MORISCA,M,18
XVIII,1769,MULATA,F,47
XVIII,1769,MULATA,M,44
XVIII,1769,NEGRA,F,1
XVIII,1769,NEGRA,M,0
XVIII,1769,SIN_CATEGORÍA,F,2
XVIII,1769,SIN_CATEGORÍA,M,1
XVIII,1770,CASTIZA,F,2
XVIII,1770,CASTIZA,M,0
XVIII,1770,ESPAÑOLA,F,88
XVIII,1770,ESPAÑOLA,M,67
XVIII,1770,INDIA,F,86
XVIII,1770,INDIA,M,89
XVIII,1770,MESTIZA,F,18
XVIII,1770,MESTIZA,M,11
XVIII,1770,MORISCA,F,34
XVIII,1770,MORISCA,M,32
XVIII,1770,MULATA,F,39
XVIII,1770,MULATA,M,42
XVIII,1770,NEGRA,F,0
XVIII,1770,NEGRA,M,0
XVIII,1770,SIN_CATEGORÍA,F,0
XVIII,1770,SIN_CATEGORÍA,M,3
XVIII,1771,CASTIZA,F,1
XVIII,1771,CASTIZA,M,2
XVIII,1771,ESPAÑOLA,F,106
XVIII,1771,ESPAÑOLA,M,89
XVIII,1771,INDIA,F,50
XVIII,1771,INDIA,M,67
XVIII,1771,MESTIZA,F,15
XVIII,1771,MESTIZA,M,11
XVIII,1771,MORISCA,F,32
XVIII,1771,MORISCA,M,31
XVIII,1771,MULATA,F,25
XVIII,1771,MULATA,M,43
XVIII,1771,NEGRA,F,3
XVIII,1771,NEGRA,M,0
XVIII,1771,SIN_CATEGORÍA,F,2
XVIII,1771,SIN_CATEGORÍA,M,1
XVIII,1772,CASTIZA,F,0
XVIII,1772,CASTIZA,M,0
XVIII,1772,ESPAÑOLA,F,102
XVIII,1772,ESPAÑOLA,M,75
XVIII,1772,INDIA,F,58
XVIII,1772,INDIA,M,49
XVIII,1772,MESTIZA,F,15
XVIII,1772,MESTIZA,M,16
XVIII,1772,MORISCA,F,20
XVIII,1772,MORISCA,M,11
XVIII,1772,MULATA,F,48
XVIII,1772,MULATA,M,45
XVIII,1772,NEGRA,F,0
XVIII,1772,NEGRA,M,0
XVIII,1772,SIN_CATEGORÍA,F,2
XVIII,1772,SIN_CATEGORÍA,M,2
XVIII,1773,CASTIZA,F,0
XVIII,1773,CASTIZA,M,0
XVIII,1773,ESPAÑOLA,F,91
XVIII,1773,ESPAÑOLA,M,100
XVIII,1773,INDIA,F,57
XVIII,1773,INDIA,M,69
XVIII,1773,MESTIZA,F,15
XVIII,1773,MESTIZA,M,15
XVIII,1773,MORISCA,F,24
XVIII,1773,MORISCA,M,22
XVIII,1773,MULATA,F,46
XVIII,1773,MULATA,M,58
XVIII,1773,NEGRA,F,3
XVIII,1773,NEGRA,M,5
XVIII,1773,SIN_CATEGORÍA,F,3
XVIII,1773,SIN_CATEGORÍA,M,4
XVIII,1774,CASTIZA,F,0
XVIII,1774,CASTIZA,M,0
XVIII,1774,ESPAÑOLA,F,92
XVIII,1774,ESPAÑOLA,M,77
XVIII,1774,INDIA,F,57
XVIII,1774,INDIA,M,76
XVIII,1774,MESTIZA,F,13
XVIII,1774,MESTIZA,M,18
XVIII,1774,MORISCA,F,32
XVIII,1774,MORISCA,M,23
XVIII,1774,MULATA,F,53
XVIII,1774,MULATA,M,53
XVIII,1774,NEGRA,F,0
XVIII,1774,NEGRA,M,0
XVIII,1774,SIN_CATEGORÍA,F,3
XVIII,1774,SIN_CATEGORÍA,M,3
XVIII,1775,CASTIZA,F,2
XVIII,1775,CASTIZA,M,1
XVIII,1775,ESPAÑOLA,F,102
XVIII,1775,ESPAÑOLA,M,89
XVIII,1775,INDIA,F,62
XVIII,1775,INDIA,M,53
XVIII,1775,MESTIZA,F,12
XVIII,1775,MESTIZA,M,23
XVIII,1775,MORISCA,F,23
XVIII,1775,MORISCA,M,23
XVIII,1775,MULATA,F,52
XVIII,1775,MULATA,M,58
XVIII,1775,NEGRA,F,0
XVIII,1775,NEGRA,M,0
XVIII,1775,SIN_CATEGORÍA,F,2
XVIII,1775,SIN_CATEGORÍA,M,5
XVIII,1776,CASTIZA,F,0
XVIII,1776,CASTIZA,M,1
XVIII,1776,ESPAÑOLA,F,96
XVIII,1776,ESPAÑOLA,M,87
XVIII,1776,INDIA,F,101
XVIII,1776,INDIA,M,73
XVIII,1776,MESTIZA,F,10
XVIII,1776,MESTIZA,M,10
XVIII,1776,MORISCA,F,26
XVIII,1776,MORISCA,M,20
XVIII,1776,MULATA,F,36
XVIII,1776,MULATA,M,36
XVIII,1776,NEGRA,F,0
XVIII,1776,NEGRA,M,2
XVIII,1776,SIN_CATEGORÍA,F,1
XVIII,1776,SIN_CATEGORÍA,M,4
XVIII,1777,CASTIZA,F,2
XVIII,1777,CASTIZA,M,0
XVIII,1777,ESPAÑOLA,F,115
XVIII,1777,ESPAÑOLA,M,112
XVIII,1777,INDIA,F,108
XVIII,1777,INDIA,M,113
XVIII,1777,MESTIZA,F,25
XVIII,1777,MESTIZA,M,25
XVIII,1777,MORISCA,F,26
XVIII,1777,MORISCA,M,29
XVIII,1777,MULATA,F,38
XVIII,1777,MULATA,M,41
XVIII,1777,NEGRA,F,0
XVIII,1777,NEGRA,M,0
XVIII,1777,SIN_CATEGORÍA,F,3
XVIII,1777,SIN_CATEGORÍA,M,4
XVIII,1778,CASTIZA,F,1
XVIII,1778,CASTIZA,M,1
XVIII,1778,ESPAÑOLA,F,136
XVIII,1778,ESPAÑOLA,M,93
XVIII,1778,INDIA,F,129
XVIII,1778,INDIA,M,122
XVIII,1778,MESTIZA,F,15
XVIII,1778,MESTIZA,M,17
XVIII,1778,MORISCA,F,20
XVIII,1778,MORISCA,M,29
XVIII,1778,MULATA,F,39
XVIII,1778,MULATA,M,31
XVIII,1778,NEGRA,F,0
XVIII,1778,NEGRA,M,1
XVIII,1778,SIN_CATEGORÍA,F,5
XVIII,1778,SIN_CATEGORÍA,M,2
XVIII,1779,CASTIZA,F,1
XVIII,1779,CASTIZA,M,3
XVIII,1779,ESPAÑOLA,F,125
XVIII,1779,ESPAÑOLA,M,93
XVIII,1779,INDIA,F,188
XVIII,1779,INDIA,M,163
XVIII,1779,MESTIZA,F,36
XVIII,1779,MESTIZA,M,31
XVIII,1779,MORISCA,F,44
XVIII,1779,MORISCA,M,39
XVIII,1779,MULATA,F,50
XVIII,1779,MULATA,M,49
XVIII,1779,NEGRA,F,0
XVIII,1779,NEGRA,M,0
XVIII,1779,SIN_CATEGORÍA,F,1
XVIII,1779,SIN_CATEGORÍA,M,1
XVIII,1780,CASTIZA,F,13
XVIII,1780,CASTIZA,M,10
XVIII,1780,ESPAÑOLA,F,313
XVIII,1780,ESPAÑOLA,M,251
XVIII,1780,INDIA,F,612
XVIII,1780,INDIA,M,554
XVIII,1780,MESTIZA,F,107
XVIII,1780,MESTIZA,M,98
XVIII,1780,MORISCA,F,95
XVIII,1780,MORISCA,M,89
XVIII,1780,MULATA,F,100
XVIII,1780,MULATA,M,74
XVIII,1780,NEGRA,F,3
XVIII,1780,NEGRA,M,3
XVIII,1780,SIN_CATEGORÍA,F,15
XVIII,1780,SIN_CATEGORÍA,M,10
XVIII,1781,CASTIZA,F,2
XVIII,1781,CASTIZA,M,4
XVIII,1781,ESPAÑOLA,F,72
XVIII,1781,ESPAÑOLA,M,86
XVIII,1781,INDIA,F,109
XVIII,1781,INDIA,M,94
XVIII,1781,MESTIZA,F,19
XVIII,1781,MESTIZA,M,19
XVIII,1781,MORISCA,F,12
XVIII,1781,MORISCA,M,11
XVIII,1781,MULATA,F,11
XVIII,1781,MULATA,M,16
XVIII,1781,NEGRA,F,1
XVIII,1781,NEGRA,M,2
XVIII,1781,SIN_CATEGORÍA,F,4
XVIII,1781,SIN_CATEGORÍA,M,3
XVIII,1782,CASTIZA,F,1
XVIII,1782,CASTIZA,M,5
XVIII,1782,ESPAÑOLA,F,116
XVIII,1782,ESPAÑOLA,M,88
XVIII,1782,INDIA,F,164
XVIII,1782,INDIA,M,132
XVIII,1782,MESTIZA,F,28
XVIII,1782,MESTIZA,M,15
XVIII,1782,MORISCA,F,19
XVIII,1782,MORISCA,M,24
XVIII,1782,MULATA,F,31
XVIII,1782,MULATA,M,29
XVIII,1782,NEGRA,F,0
XVIII,1782,NEGRA,M,1
XVIII,1782,SIN_CATEGORÍA,F,5
XVIII,1782,SIN_CATEGORÍA,M,5
XVIII,1783,CASTIZA,F,0
XVIII,1783,CASTIZA,M,0
XVIII,1783,ESPAÑOLA,F,73
XVIII,1783,ESPAÑOLA,M,93
XVIII,1783,INDIA,F,130
XVIII,1783,INDIA,M,110
XVIII,1783,MESTIZA,F,33
XVIII,1783,MESTIZA,M,17
XVIII,1783,MORISCA,F,9
XVIII,1783,MORISCA,M,17
XVIII,1783,MULATA,F,17
XVIII,1783,MULATA,M,14
XVIII,1783,NEGRA,F,2
XVIII,1783,NEGRA,M,0
XVIII,1783,SIN_CATEGORÍA,F,3
XVIII,1783,SIN_CATEGORÍA,M,5
XVIII,1784,CASTIZA,F,3
XVIII,1784,CASTIZA,M,4
XVIII,1784,ESPAÑOLA,F,127
XVIII,1784,ESPAÑOLA,M,106
XVIII,1784,INDIA,F,124
XVIII,1784,INDIA,M,162
XVIII,1784,MESTIZA,F,19
XVIII,1784,MESTIZA,M,19
XVIII,1784,MORISCA,F,21
XVIII,1784,MORISCA,M,16
XVIII,1784,MULATA,F,29
XVIII,1784,MULATA,M,19
XVIII,1784,NEGRA,F,3
XVIII,1784,NEGRA,M,1
XVIII,1784,SIN_CATEGORÍA,F,2
XVIII,1784,SIN_CATEGORÍA,M,2
XVIII,1785,CASTIZA,F,3
XVIII,1785,CASTIZA,M,2
XVIII,1785,ESPAÑOLA,F,226
XVIII,1785,ESPAÑOLA,M,163
XVIII,1785,INDIA,F,409
XVIII,1785,INDIA,M,414
XVIII,1785,MESTIZA,F,57
XVIII,1785,MESTIZA,M,48
XVIII,1785,MORISCA,F,27
XVIII,1785,MORISCA,M,20
XVIII,1785,MULATA,F,38
XVIII,1785,MULATA,M,43
XVIII,1785,NEGRA,F,1
XVIII,1785,NEGRA,M,1
XVIII,1785,SIN_CATEGORÍA,F,4
XVIII,1785,SIN_CATEGORÍA,M,4
XVIII,1786,CASTIZA,F,0
XVIII,1786,CASTIZA,M,4
XVIII,1786,ESPAÑOLA,F,430
XVIII,1786,ESPAÑOLA,M,541
XVIII,1786,INDIA,F,628
XVIII,1786,INDIA,M,756
XVIII,1786,MESTIZA,F,96
XVIII,1786,MESTIZA,M,102
XVIII,1786,MORISCA,F,30
XVIII,1786,MORISCA,M,26
XVIII,1786,MULATA,F,85
XVIII,1786,MULATA,M,97
XVIII,1786,NEGRA,F,3
XVIII,1786,NEGRA,M,0
XVIII,1786,SIN_CATEGORÍA,F,13
XVIII,1786,SIN_CATEGORÍA,M,75
XVIII,1787,CASTIZA,F,0
XVIII,1787,CASTIZA,M,2
XVIII,1787,ESPAÑOLA,F,76
XVIII,1787,ESPAÑOLA,M,85
XVIII,1787,INDIA,F,120
XVIII,1787,INDIA,M,112
XVIII,1787,MESTIZA,F,20
XVIII,1787,MESTIZA,M,14
XVIII,1787,MORISCA,F,8
XVIII,1787,MORISCA,M,12
XVIII,1787,MULATA,F,27
XVIII,1787,MULATA,M,23
XVIII,1787,NEGRA,F,0
XVIII,1787,NEGRA,M,0
XVIII,1787,SIN_CATEGORÍA,F,5
XVIII,1787,SIN_CATEGORÍA,M,11
XVIII,1788,CASTIZA,F,0
XVIII,1788,CASTIZA,M,0
XVIII,1788,ESPAÑOLA,F,51
XVIII,1788,ESPAÑOLA,M,47
XVIII,1788,INDIA,F,69
XVIII,1788,INDIA,M,72
XVIII,1788,MESTIZA,F,12
XVIII,1788,MESTIZA,M,10
XVIII,1788,MORISCA,F,4
XVIII,1788,MORISCA,M,2
XVIII,1788,MULATA,F,15
XVIII,1788,MULATA,M,14
XVIII,1788,NEGRA,F,0
XVIII,1788,NEGRA,M,0
XVIII,1788,SIN_CATEGORÍA,F,1
XVIII,1788,SIN_CATEGORÍA,M,3
XVIII,1789,CASTIZA,F,0
XVIII,1789,CASTIZA,M,0
XVIII,1789,ESPAÑOLA,F,54
XVIII,1789,ESPAÑOLA,M,52
XVIII,1789,INDIA,F,88
XVIII,1789,INDIA,M,81
XVIII,1789,MESTIZA,F,20
XVIII,1789,MESTIZA,M,19
XVIII,1789,MORISCA,F,3
XVIII,1789,MORISCA,M,4
XVIII,1789,MULATA,F,14
XVIII,1789,MULATA,M,20
XVIII,1789,NEGRA,F,0
XVIII,1789,NEGRA,M,0
XVIII,1789,SIN_CATEGORÍA,F,4
XVIII,1789,SIN_CATEGORÍA,M,2
XVIII,1790,CASTIZA,F,2
XVIII,1790,CASTIZA,M,0
XVIII,1790,ESPAÑOLA,F,65
XVIII,1790,ESPAÑOLA,M,62
XVIII,1790,INDIA,F,116
XVIII,1790,INDIA,M,103
XVIII,1790,MESTIZA,F,22
XVIII,1790,MESTIZA,M,12
XVIII,1790,MORISCA,F,5
XVIII,1790,MORISCA,M,2
XVIII,1790,MULATA,F,7
XVIII,1790,MULATA,M,9
XVIII,1790,NEGRA,F,2
XVIII,1790,NEGRA,M,0
XVIII,1790,SIN_CATEGORÍA,F,2
XVIII,1790,SIN_CATEGORÍA,M,4
XVIII,1791,CASTIZA,F,0
XVIII,1791,CASTIZA,M,1
XVIII,1791,ESPAÑOLA,F,86
XVIII,1791,ESPAÑOLA,M,70
XVIII,1791,INDIA,F,158
XVIII,1791,INDIA,M,99
XVIII,1791,MESTIZA,F,13
XVIII,1791,MESTIZA,M,21
XVIII,1791,MORISCA,F,0
XVIII,1791,MORISCA,M,5
XVIII,1791,MULATA,F,13
XVIII,1791,MULATA,M,8
XVIII,1791,NEGRA,F,0
XVIII,1791,NEGRA,M,0
XVIII,1791,SIN_CATEGORÍA,F,21
XVIII,1791,SIN_CATEGORÍA,M,16
XVIII,1792,CASTIZA,F,2
XVIII,1792,CASTIZA,M,0
XVIII,1792,ESPAÑOLA,F,84
XVIII,1792,ESPAÑOLA,M,84
XVIII,1792,INDIA,F,95
XVIII,1792,INDIA,M,128
XVIII,1792,MESTIZA,F,15
XVIII,1792,MESTIZA,M,11
XVIII,1792,MORISCA,F,3
XVIII,1792,MORISCA,M,2
XVIII,1792,MULATA,F,8
XVIII,1792,MULATA,M,7
XVIII,1792,NEGRA,F,0
XVIII,1792,NEGRA,M,0
XVIII,1792,SIN_CATEGORÍA,F,13
XVIII,1792,SIN_CATEGORÍA,M,10
XVIII,1793,CASTIZA,F,0
XVIII,1793,CASTIZA,M,0
XVIII,1793,ESPAÑOLA,F,81
XVIII,1793,ESPAÑOLA,M,72
XVIII,1793,INDIA,F,106
XVIII,1793,INDIA,M,95
XVIII,1793,MESTIZA,F,18
XVIII,1793,MESTIZA,M,15
XVIII,1793,MORISCA,F,8
XVIII,1793,MORISCA,M,7
XVIII,1793,MULATA,F,8
XVIII,1793,MULATA,M,11
XVIII,1793,NEGRA,F,0
XVIII,1793,NEGRA,M,0
XVIII,1793,SIN_CATEGORÍA,F,1
XVIII,1793,SIN_CATEGORÍA,M,2
XVIII,1794,CASTIZA,F,0
XVIII,1794,CASTIZA,M,1
XVIII,1794,ESPAÑOLA,F,137
XVIII,1794,ESPAÑOLA,M,117
XVIII,1794,INDIA,F,142
XVIII,1794,INDIA,M,115
XVIII,1794,MESTIZA,F,30
XVIII,1794,MESTIZA,M,15
XVIII,1794,MORISCA,F,9
XVIII,1794,MORISCA,M,7
XVIII,1794,MULATA,F,12
XVIII,1794,MULATA,M,19
XVIII,1794,NEGRA,F,0
XVIII,1794,NEGRA,M,0
XVIII,1794,SIN_CATEGORÍA,F,1
XVIII,1794,SIN_CATEGORÍA,M,4
XVIII,1795,CASTIZA,F,0
XVIII,1795,CASTIZA,M,1
XVIII,1795,ESPAÑOLA,F,104
XVIII,1795,ESPAÑOLA,M,91
XVIII,1795,INDIA,F,112
XVIII,1795,INDIA,M,119
XVIII,1795,MESTIZA,F,12
XVIII,1795,MESTIZA,M,22
XVIII,1795,MORISCA,F,8
XVIII,1795,MORISCA,M,3
XVIII,1795,MULATA,F,11
XVIII,1795,MULATA,M,17
XVIII,1795,NEGRA,F,0
XVIII,1795,NEGRA,M,0
XVIII,1795,SIN_CATEGORÍA,F,1
XVIII,1795,SIN_CATEGORÍA,M,0
XVIII,1796,CASTIZA,F,0
XVIII,1796,CASTIZA,M,0
XVIII,1796,ESPAÑOLA,F,110
XVIII,1796,ESPAÑOLA,M,109
XVIII,1796,INDIA,F,154
XVIII,1796,INDIA,M,154
XVIII,1796,MESTIZA,F,27
XVIII,1796,MESTIZA,M,22
XVIII,1796,MORISCA,F,1
XVIII,1796,MORISCA,M,6
XVIII,1796,MULATA,F,9
XVIII,1796,MULATA,M,18
XVIII,1796,NEGRA,F,1
XVIII,1796,NEGRA,M,1
XVIII,1796,SIN_CATEGORÍA,F,1
XVIII,1796,SIN_CATEGORÍA,M,4
XVIII,1797,CASTIZA,F,1
XVIII,1797,CASTIZA,M,0
XVIII,1797,ESPAÑOLA,F,117
XVIII,1797,ESPAÑOLA,M,81
XVIII,1797,INDIA,F,165
XVIII,1797,INDIA,M,137
XVIII,1797,MESTIZA,F,33
XVIII,1797,MESTIZA,M,25
XVIII,1797,MORISCA,F,6
XVIII,1797,MORISCA,M,4
XVIII,1797,MULATA,F,15
XVIII,1797,MULATA,M,22
XVIII,1797,NEGRA,F,0
XVIII,1797,NEGRA,M,0
XVIII,1797,SIN_CATEGORÍA,F,3
XVIII,1797,SIN_CATEGORÍA,M,2
XVIII,1798,CASTIZA,F,2
XVIII,1798,CASTIZA,M,0
XVIII,1798,ESPAÑOLA,F,359
XVIII,1798,ESPAÑOLA,M,273
XVIII,1798,INDIA,F,586
XVIII,1798,INDIA,M,597
XVIII,1798,MESTIZA,F,101
XVIII,1798,MESTIZA,M,94
XVIII,1798,MORISCA,F,13
XVIII,1798,MORISCA,M,8
XVIII,1798,MULATA,F,36
XVIII,1798,MULATA,M,42
XVIII,1798,NEGRA,F,0
XVIII,1798,NEGRA,M,0
XVIII,1798,SIN_CATEGORÍA,F,1
XVIII,1798,SIN_CATEGORÍA,M,2
XVIII,1799,CASTIZA,F,0
XVIII,1799,CASTIZA,M,1
XVIII,1799,ESPAÑOLA,F,102
XVIII,1799,ESPAÑOLA,M,109
XVIII,1799,INDIA,F,155
XVIII,1799,INDIA,M,137
XVIII,1799,MESTIZA,F,19
XVIII,1799,MESTIZA,M,21
XVIII,1799,MORISCA,F,1
XVIII,1799,MORISCA,M,4
XVIII,1799,MULATA,F,11
XVIII,1799,MULATA,M,9
XVIII,1799,NEGRA,F,0
XVIII,1799,NEGRA,M,0
XVIII,1799,SIN_CATEGORÍA,F,0
XVIII,1799,SIN_CATEGORÍA,M,0
XVIII,1800,CASTIZA,F,0
XVIII,1800,CASTIZA,M,3
XVIII,1800,ESPAÑOLA,F,147
XVIII,1800,ESPAÑOLA,M,136
XVIII,1800,INDIA,F,187
XVIII,1800,INDIA,M,194
XVIII,1800,MESTIZA,F,36
XVIII,1800,MESTIZA,M,32
XVIII,1800,MORISCA,F,5
XVIII,1800,MORISCA,M,3
XVIII,1800,MULATA,F,12
XVIII,1800,MULATA,M,15
XVIII,1800,NEGRA,F,0
XVIII,1800,NEGRA,M,2
XVIII,1800,SIN_CATEGORÍA,F,0
XVIII,1800,SIN_CATEGORÍA,M,3
